filename,time,duration,content,stdout,stderr,317触发成功，未保存
rand.seed,2022-05-24_08:57:22,0:0:0:0,b'5788be1014ef2f7fbcfa95802afc9002  /bin/bash\na7e7dd15fbc8602c16d52981f037362f  /bin/bunzip2\n6045834024c3ced15a5307b30482daf0  /bin/busybox\na7e7dd15fbc8602c16d52981f037362f  /bin/bzcat\ne786fc0d18a8c8679897afec7dc20f81  /bin/bzcmp\ne786fc0d18a8c8679897afec7dc20f81  /bin/bzdiff\n2b11565d85da178b3a1942a22d20c624  /bin/bzegrep\n10a5a0be2ad3f47fff12daaf1c0256c5  /bin/bzexe\n2b11565d85da178b3a1942a22d20c624  /bin/bzfgrep\n2b11565d85da178b3a1942a22d20c624  /bin/bzgrep\na7e7dd15fbc8602c16d52981f037362f  /bin/bzip2\n52823a9edfb1d5c10d4a7f7e1ef6886c  /bin/bzip2recover\ne243255b6cf3b9403df53cb9cd6176e1  /bin/bzless\ne243255b6cf3b9403df53cb9cd6176e1  /bin/bzmore\n89cc12be56895e376170481cf4c6d3dd  /bin/cat\nc6c5008abbb451cb7f55dda75f08d397  /bin/chacl\n8f5b0c892d137d538fe872b374971abc  /bin/chgrp\n384ae63a041ed378d704457025c68f8a  /bin/chmod\na54e11e750fd2efb78f2cc008436bd24  /bin/chown\nedc7b0851b862ff9c3b60f6a0e04d998  /bin/chvt\n',b'D124816Z\nFGuardZ\n/bin/bash: FAILED\n/bin/bunzip2: FAILED\n/bin/busybox: FAILED\n/bin/bzcat: FAILED\n/bin/bzcmp: FAILED\n/bin/bzdiff: FAILED\n/bin/bzegrep: FAILED\n/bin/bzexe: OK\n/bin/bzfgrep: FAILED\n/bin/bzgrep: FAILED\n/bin/bzip2: FAILED\n/bin/bzip2recover: FAILED\n/bin/bzless: OK\n/bin/bzmore: OK\n/bin/cat: FAILED\n/bin/chacl: FAILED\n/bin/chgrp: FAILED\n/bin/chmod: FAILED\n/bin/chown: FAILED\n/bin/chvt: FAILED\n',b'./Programs/md5sum/code_Bin/md5sum: WARNING: 17 computed checksums did NOT match\n',
20220524085859248354_st1.seed,2022-05-24_08:57:22,0:0:1:36,b'lauCbe1014ef2f7fbcfa95802afc9002  /bin/bash\na7e7dd15fbc8602c16d52981f037362f  /bin/bunzip2\n6045834024c3ced15a5307b30482daf0  /bin/busybox\na7e7dd15fbc8602c16d52981f037362f  /bin/bzcat\ne786fc0d18a8c8679897afec7dc20f81  /bin/bzcmp\ne786fc0d18a8c8679897afec7dc20f81  /bin/bzdiff\n2b11565d85da178b3a1942a22d20c624  /bin/bzegrep\n10a5a0be2ad3f47fff12daaf1c0256c5  /bin/bzexe\n2b11565d85da178b3a1942a22d20c624  /bin/bzfgrep\n2b11565d85da178b3a1942a22d20c624  /bin/bzgrep\na7e7dd15fbc8602c16d52981f037362f  /bin/bzip2\n52823a9edfb1d5c10d4a7f7e1ef6886c  /bin/bzip2recover\ne243255b6cf3b9403df53cb9cd6176e1  /bin/bzless\ne243255b6cf3b9403df53cb9cd6176e1  /bin/bzmore\n89cc12be56895e376170481cf4c6d3dd  /bin/cat\nc6c5008abbb451cb7f55dda75f08d397  /bin/chacl\n8f5b0c892d137d538fe872b374971abc  /bin/chgrp\n384ae63a041ed378d704457025c68f8a  /bin/chmod\na54e11e750fd2efb78f2cc008436bd24  /bin/chown\nedc7b0851b862ff9c3b60f6a0e04d998  /bin/chvt\n',b'Successfully triggered bug 286comma crashing now!\nSuccessfully triggered bug 286comma crashing now!\nSuccessfully triggered bug 286comma crashing now!\n',b'AddressSanitizer:DEADLYSIGNAL\n=================================================================\n==4012420==ERROR: AddressSanitizer: SEGV on unknown address (pc 0x0000004feebf bp 0x7fffffffd9d0 sp 0x7fffffffd960 T0)\n==4012420==The signal is caused by a READ memory access.\n==4012420==Hint: this fault was caused by a dereference of a high value address (see register values below).  Disassemble the provided pc to learn which register was used.\n    #0 0x4feebf in split_3 /root/datav5/lava_corpus/LAVA-M/md5sum/coreutils-8.24-lava-safe/src/md5sum.c:409:15\n    #1 0x4fc9ec in digest_check /root/datav5/lava_corpus/LAVA-M/md5sum/coreutils-8.24-lava-safe/src/md5sum.c:631:39\n    #2 0x4fa7d0 in main /root/datav5/lava_corpus/LAVA-M/md5sum/coreutils-8.24-lava-safe/src/md5sum.c:954:15\n    #3 0x7ffff7c3e082 in __libc_start_main /build/glibc-SzIz7B/glibc-2.31/csu/../csu/libc-start.c:308:16\n    #4 0x41c4ed in _start (/home/fzz/Desktop/STFGFuzz/Programs/md5sum/code_Bin/md5sum+0x41c4ed)\n\nAddressSanitizer can not provide additional info.\nSUMMARY: AddressSanitizer: SEGV /root/datav5/lava_corpus/LAVA-M/md5sum/coreutils-8.24-lava-safe/src/md5sum.c:409:15 in split_3\n==4012420==ABORTING\n',
20220524090511614762_fine1.seed,2022-05-24_08:57:22,0:0:7:49,b'5788be1014ef2f7fbcfa95802afc9002 N/bin/bash\na7e7dd15fbc8602c16d52981f037362f  /bin/bunzip2\n6045834024c3ced15a5307b30482daf0  /bin/busybox\na7e7dd15fbc8602c16d52981f037362f  /bin/bzcat\ne786fc0d18a8c8679897afec7dc20f81  /bin/bzcmp\ne786fc0d18a8c8679897afec7dc20f81  /bin/bzdiff\n2b11565d85da178b3a1942a22d20c624  /bin/bzegrep\n10a5a0be2ad3f47fff12daaf1c0256c5  /bin/bzexe\n2b11565d85da178b3a1942a22d20c624  /bin/bzfgrep\n2b11565d85da178b3a1942a22d20c624  /bin/bzgrep\na7e7dd15fbc8602c16d52981f037362f  /bin/bzip2\n52823a9edfb1d5c10d4a7f7e1ef6886c  /bin/bzip2recover\ne243255b6cf3b9403df53cb9cd6176e1  /bin/bzless\ne243255b6cf3b9403df53cb9cd6176e1  /bin/bzmore\n89cc12be56895e376170481cf4c6d3dd  /bin/cat\nc6c5008abbb451cb7f55dda75f08d397  /bin/chacl\n8f5b0c892d137d538fe872b374971abc  /bin/chgrp\n384ae63a041ed378d704457025c68f8a  /bin/chmod\na54e11e750fd2efb78f2cc008436bd24  /bin/chown\nedc7b0851b862ff9c3b60f6a0e04d998  /bin/chvt\n',b'D124816Z\nFc0x4f973b0x4f9b270x4ffbebZ\nN/bin/bash: FAILED open or read\n /bin/bunzip2: FAILED open or read\n /bin/busybox: FAILED open or read\n /bin/bzcat: FAILED open or read\n /bin/bzcmp: FAILED open or read\n /bin/bzdiff: FAILED open or read\n /bin/bzegrep: FAILED open or read\n /bin/bzexe: FAILED open or read\n /bin/bzfgrep: FAILED open or read\n /bin/bzgrep: FAILED open or read\n /bin/bzip2: FAILED open or read\n /bin/bzip2recover: FAILED open or read\n /bin/bzless: FAILED open or read\n /bin/bzmore: FAILED open or read\n /bin/cat: FAILED open or read\n /bin/chacl: FAILED open or read\n /bin/chgrp: FAILED open or read\n /bin/chmod: FAILED open or read\n /bin/chown: FAILED open or read\n /bin/chvt: FAILED open or read\n',b'./Programs/md5sum/code_Bin/md5sum: N/bin/bash: No such file or directory\n./Programs/md5sum/code_Bin/md5sum:  /bin/bunzip2: No such file or directory\n./Programs/md5sum/code_Bin/md5sum:  /bin/busybox: No such file or directory\n./Programs/md5sum/code_Bin/md5sum:  /bin/bzcat: No such file or directory\n./Programs/md5sum/code_Bin/md5sum:  /bin/bzcmp: No such file or directory\n./Programs/md5sum/code_Bin/md5sum:  /bin/bzdiff: No such file or directory\n./Programs/md5sum/code_Bin/md5sum:  /bin/bzegrep: No such file or directory\n./Programs/md5sum/code_Bin/md5sum:  /bin/bzexe: No such file or directory\n./Programs/md5sum/code_Bin/md5sum:  /bin/bzfgrep: No such file or directory\n./Programs/md5sum/code_Bin/md5sum:  /bin/bzgrep: No such file or directory\n./Programs/md5sum/code_Bin/md5sum:  /bin/bzip2: No such file or directory\n./Programs/md5sum/code_Bin/md5sum:  /bin/bzip2recover: No such file or directory\n./Programs/md5sum/code_Bin/md5sum:  /bin/bzless: No such file or directory\n./Programs/md5sum/code_Bin/md5sum:  /bin/bzmore: No such file or directory\n./Programs/md5sum/code_Bin/md5sum:  /bin/cat: No such file or directory\n./Programs/md5sum/code_Bin/md5sum:  /bin/chacl: No such file or directory\n./Programs/md5sum/code_Bin/md5sum:  /bin/chgrp: No such file or directory\n./Programs/md5sum/code_Bin/md5sum:  /bin/chmod: No such file or directory\n./Programs/md5sum/code_Bin/md5sum:  /bin/chown: No such file or directory\n./Programs/md5sum/code_Bin/md5sum:  /bin/chvt: No such file or directory\n./Programs/md5sum/code_Bin/md5sum: WARNING: 20 listed files could not be read\n',
20220524090720780344_st1.seed,2022-05-24_08:57:22,0:0:9:58,b'lat\xfa\x00\x00\x00\x0014ef2f7fbcfa95802afc\x00\x00\x00\x00\x00 \x00\x00\x00\x00\x00\x00\x00\x00\x00\x00a7e7dd15fbc8602c16d52981f037362f  /bin/bunzip2\n6045834024c3ced15a5307b30482daf0  /bin/busybox\na7e7dd15fbc8602c16d52981f037362f  /bin/bzcat\ne786fc0d18a8c8679897afec7dc20f81  /bin/bzcmp\ne786fc0d18a8c8679897afec7dc20f81  /bin/bzdiff\n2b11565d85da178b3a1942a22d20c624  /bin/bzegrep\n10a5a0be2ad3f47fff12daaf1c0256c5  /bin/bzexe\n2b11565d85da178b3a1942a22d20c624  /bin/bzfgrep\n2b11565d85da178b3a1942a22d20c624  /bin/bzgrep\na7e7dd15fbc8602c16d52981f037362f  /bin/bzip2\n52823a9edfb1d5c10d4a7f7e1ef6886c  /bin/bzip2recover\ne243255b6cf3b9403df53cb9cd6176e1  /bin/bzless\ne243255b6cf3b9403df53cb9cd6176e1  /bin/bzmore\n89cc12be56895e376170481cf4c6d3dd  /bin/cat\nc6c5008abbb451cb7f55dda75f08d397  /bin/chacl\n8f5b0c892d137d538fe872b374971abc  /bin/chgrp\n384ae63a041ed378d704457025c68f8a  /bin/chmod\na54e11e750fd2efb78f2cc008436bd24  /bin/chown\nedc7b0851b862ff9c3b60f6a0e04d998  /bin/chvt\n',b'Successfully triggered bug 359comma crashing now!\nSuccessfully triggered bug 359comma crashing now!\nSuccessfully triggered bug 359comma crashing now!\n',b'=================================================================\n==4054062==ERROR: AddressSanitizer: memcpy-param-overlap: memory ranges [0x7fffffffd9e0comma0x8000fa743b50) and [0x7fffffffd7accomma 0x8000fa74391c) overlap\n    #0 0x436f6e in __interceptor_memcpy.part.0 /home/fzz/Desktop/STFGFuzz/LLVM/llvm/projects/compiler-rt/lib/asan/../sanitizer_common/sanitizer_common_interceptors.inc:810:5\n    #1 0x4ffc68 in set_uint32 /root/datav5/lava_corpus/LAVA-M/md5sum/coreutils-8.24-lava-safe/lib/md5.c:94:3\n    #2 0x4ff9ac in md5_read_ctx /root/datav5/lava_corpus/LAVA-M/md5sum/coreutils-8.24-lava-safe/lib/md5.c:103:3\n    #3 0x4ffef3 in md5_finish_ctx /root/datav5/lava_corpus/LAVA-M/md5sum/coreutils-8.24-lava-safe/lib/md5.c:134:10\n    #4 0x501415 in md5_stream /root/datav5/lava_corpus/LAVA-M/md5sum/coreutils-8.24-lava-safe/lib/md5.c:206:3\n    #5 0x4fe756 in digest_file /root/datav5/lava_corpus/LAVA-M/md5sum/coreutils-8.24-lava-safe/src/md5sum.c:485:9\n    #6 0x4fdc06 in digest_check /root/datav5/lava_corpus/LAVA-M/md5sum/coreutils-8.24-lava-safe/src/md5sum.c:696:43\n    #7 0x4fa7d0 in main /root/datav5/lava_corpus/LAVA-M/md5sum/coreutils-8.24-lava-safe/src/md5sum.c:954:15\n    #8 0x7ffff7c3e082 in __libc_start_main /build/glibc-SzIz7B/glibc-2.31/csu/../csu/libc-start.c:308:16\n    #9 0x41c4ed in _start (/home/fzz/Desktop/STFGFuzz/Programs/md5sum/code_Bin/md5sum+0x41c4ed)\n\nAddress 0x7fffffffd9e0 is located in stack of thread T0\nAddress 0x7fffffffd7ac is located in stack of thread T0\nSUMMARY: AddressSanitizer: memcpy-param-overlap /home/fzz/Desktop/STFGFuzz/LLVM/llvm/projects/compiler-rt/lib/asan/../sanitizer_common/sanitizer_common_interceptors.inc:810:5 in __interceptor_memcpy.part.0\n==4054062==ABORTING\n',
20220524123358752259_st1.seed,2022-05-24_08:57:22,0:3:36:36,b'lat\xeb\x00\x00\x00\x0014ef2f7fbcfa95802afc\x000\x002\x00 \x00\x00\x00\x00\x00\x00\x00\x00\x00\x00\x00\x00\x00\x00dd\x005fbc8602c16d52981f0373\x002\x00\x00\x00\x00\x00\x00\x00\x00\x00\x00\x00\x00\x00\x00\x00\x006045834024c3ced15a5307b30482daf0  /bin/busybox\na7e7dd15fbc8602c16d52981f037362f  /bin/bzcat\ne786fc0d18a8c8679897afec7dc20f81  /bin/bzcmp\ne786fc0d18a8c8679897afec7dc20f81  /bin/bzdiff\n2b11565d85da178b3a1942a22d20c624  /bin/bzegrep\n10a5a0be2ad3f47fff12daaf1c0256c5  /bin/bzexe\n2b11565d85da178b3a1942a22d20c624  /bin/bzfgrep\n2b11565d85da178b3a1942a22d20c624  /bin/bzgrep\na7e7dd15fbc8602c16d52981f037362f  /bin/bzip2\n52823a9edfb1d5c10d4a7f7e1ef6886c  /bin/bzip2recover\ne243255b6cf3b9403df53cb9cd6176e1  /bin/bzless\ne243255b6cf3b9403df53cb9cd6176e1  /bin/bzmore\n89cc12be56895e376170481cf4c6d3dd  /bin/cat\nc6c5008abbb451cb7f55dda75f08d397  /bin/chacl\n8f5b0c892d137d538fe872b374971abc  /bin/chgrp\n384ae63a041ed378d704457025c68f8a  /bin/chmod\na54e11e750fd2efb78f2cc008436bd24  /bin/chown\nedc7b0851b862ff9c3b60f6a0e04d998  /bin/chvt\n',b'Successfully triggered bug 374comma crashing now!\nSuccessfully triggered bug 374comma crashing now!\nSuccessfully triggered bug 374comma crashing now!\n',b'AddressSanitizer:DEADLYSIGNAL\n=================================================================\n==967617==ERROR: AddressSanitizer: SEGV on unknown address 0x6216aa323620 (pc 0x7ffff7ca4ea4 bp 0x7fffffffd960 sp 0x7fffffffd928 T0)\n==967617==The signal is caused by a READ memory access.\n    #0 0x7ffff7ca4ea4 in fileno_unlocked /build/glibc-SzIz7B/glibc-2.31/libio/fileno.c:35:6\n    #1 0x507181 in rpl_fclose /root/datav5/lava_corpus/LAVA-M/md5sum/coreutils-8.24-lava-safe/lib/fclose.c:71:33\n    #2 0x4fe7f4 in digest_file /root/datav5/lava_corpus/LAVA-M/md5sum/coreutils-8.24-lava-safe/src/md5sum.c:494:20\n    #3 0x4fdc06 in digest_check /root/datav5/lava_corpus/LAVA-M/md5sum/coreutils-8.24-lava-safe/src/md5sum.c:696:43\n    #4 0x4fa7d0 in main /root/datav5/lava_corpus/LAVA-M/md5sum/coreutils-8.24-lava-safe/src/md5sum.c:954:15\n    #5 0x7ffff7c3e082 in __libc_start_main /build/glibc-SzIz7B/glibc-2.31/csu/../csu/libc-start.c:308:16\n    #6 0x41c4ed in _start (/home/fzz/Desktop/STFGFuzz/Programs/md5sum/code_Bin/md5sum+0x41c4ed)\n\nAddressSanitizer can not provide additional info.\nSUMMARY: AddressSanitizer: SEGV /build/glibc-SzIz7B/glibc-2.31/libio/fileno.c:35:6 in fileno_unlocked\n==967617==ABORTING\n',
20220524132641207833_st1.seed,2022-05-24_08:57:22,0:4:29:18,b'\xa9\x14\xe3\xef\xdd\xab\x9e\xf114ef2f7fbcfa95802afc\x9a002V G\xc1\xe1\xa1M\xe1\x150\x02\xf1\x1cE\xed7\xe5#\xa8\xd3fbc8602c16d52981f037!82\xed\xf7\xabmW\xe9\xf8~O\x8d\xb3\xb38\xf8NG\xa9\xf8\xcf\xc883p_\xa54c3ced15a5307b30\xc5\xbc\xb86=\x83I\x1f\x98\x18\xd8comma>NK\xf4\xc3\x8a\x92!\xbd\xeaave\xded\x1e1>\xee\x15c8602c16d52981f0\xfa`3R\x0f\xf4\xc5\xb0\xbd\x8cu\xe5\xa3R5]\xceH\xfc\xa7\xd2\x0e\xb4f/\xc4\t\xa38a8c8679897afec7d\xc7\xab\xed]Y\xb5\x8f!<\xcd\xc9\r\x0b\x1f\xeev\xaa\x86\x81\xebl8\x7f\x05\xd1\x18d18a8c8679897afec7dc2\x03f\xb1\x89\x18\xd7\xb9\x85\x19\x82x\xb2R\x93\x9a\xce\xb7\x94\x05\xa8G1\x19\\\xb9\xd08\xf4da178b3a1942a22d`VlW\x8c4O\xd0R\xe9\x1c|H\x10comma\xb3\xa8\r&\x14\x15\x11\x15\xed\xf0\xc6\x83B\x91\xbcaz3f47fff12daaf1c02\x116Y\x9f\xfeV\xb5\xcf\xcf\x0f\xd0\xa6\xd1;uP\x89\xdc\xd7\xddS\xa6\xb9\xd0\x98\xac\x19da178b3a1942a22d2\xe0\xdbi\xb84Z\x03\x0e\xc5\x12\xd6\xcf\x8c\x1c\x90~0\xc3\xef\xe7<pa\x1c)\xab\xe3d\x91\xb2\x05a178b3a1942a22d2X\xd7Y\x934\xf1cc2\x01\x89\xe1\xea\xf2p\x139\x88\xbb+\xd6\xce\x1e\x17\xdcn\xd9\x8dbc8602c16d52981f73\x1c\xef\x85L\xa8\x7fL\x853\x16\x0f1f\x8d\xda\xa0a\xa0\xe5]\x84\tY\xdb.\tdfb1d5c10d4a7f7e1ef6\x92\x197:\x0f"-\xea$\xec\xff!\xa1##\x9f*\x17comma\x83W\xf7cE\xb2\xcf\xd7i`}Kb6cf3b9403df53cb9cd617\x18e1\xc99\x17\xa9\x1cp!;V\xeb\x8a\x17\xa4\x97e\xa14\x9e2\x14\xd0w\xd9\xc9f3b9403df53cb9cd\xc81\x886n\xd7mmg^\xea\r\x9e|6\x7f\x19\xfb\xea]89\x88\xac\x91\xeeb\x0156895e376170481cf4c6d3\xa10\xe9\x99#\xe9+\x10\xd8\x94X\xd5comma\'\xcdc{\xfd\x15\r\xca\x07bb451cb7f55dda75\xd02\x13d\xe7H7\xa1qz/\x15\x17\xa9\x16\xd5Y\xd4\xa3^8_\xbbj0\x99P\x9c2d137d538fe872b37497zab\x8e\xf6C\xc5Y)\xd4g\xb5:4\xb4X\x1b\xddf[Oe\xe7\x03\x07\xf1\xf61ed378d704457025c\xce\x9d\xbfg\xc6\x96\xa2\xa2\xd3>}\xb5\xf8\xae\t\xef\xd6\xa5N\xb7\t\x8d\x8a1%F50fd2efb78f2cc00843\x9e9d\xd6\xd6S\xbf\xaa\x1d\xe2\xce\x8d\xfe\n\xbb\xb9?\x88edc7b0851b862ff9c3b60f6a0e04d998  /bin/chvt\n',b'D124816Z\nFc0x4f973b0x4f9b270x50714cZ\n',b'./Programs/md5sum/code_Bin/md5sum: Programs/md5sum/seeds_mutate/20220524132641207833_st1.seed: no properly formatted MD5 checksum lines found\n',
20220524143615616081_st1.seed,2022-05-24_08:57:22,0:5:38:53,b'5788be1014ef2f7fbcfa95802afc9002  /bin/bash\na7e7dd15fbc8602c16d52981f037362f  /bin/bunzip2\n6045834024c3ced15a5307b30482daf0  /bin/busybox\na7e7dd15fbc8602c16d52981f037362f  /bin/bzcat\nlavXfc0d18a8c8679897afec7dc20f81  /bin/bzcmp\ne786fc0d18a8c8679897afec7dc20f81  /bin/bzdiff\n2b11565d85da178b3a1942a22d20c624  /bin/bzegrep\n10a5a0be2ad3f47fff12daaf1c0256c5  /bin/bzexe\n2b11565d85da178b3a1942a22d20c624  /bin/bzfgrep\n2b11565d85da178b3a1942a22d20c624  /bin/bzgrep\na7e7dd15fbc8602c16d52981f037362f  /bin/bzip2\n52823a9edfb1d5c10d4a7f7e1ef6886c  /bin/bzip2recover\ne243255b6cf3b9403df53cb9cd6176e1  /bin/bzless\ne243255b6cf3b9403df53cb9cd6176e1  /bin/bzmore\n89cc12be56895e376170481cf4c6d3dd  /bin/cat\nc6c5008abbb451cb7f55dda75f08d397  /bin/chacl\n8f5b0c892d137d538fe872b374971abc  /bin/chgrp\n384ae63a041ed378d704457025c68f8a  /bin/chmod\na54e11e750fd2efb78f2cc008436bd24  /bin/chown\nedc7b0851b862ff9c3b60f6a0e04d998  /bin/chvt\n',b'D124816Z\nFc0x4f973b0x4f9abc0x4fd522Z\n/bin/bash: FAILED\n/bin/bunzip2: FAILED\n/bin/busybox: FAILED\n/bin/bzcat: FAILED\nSuccessfully triggered bug 9comma crashing now!\nSuccessfully triggered bug 9comma crashing now!\nSuccessfully triggered bug 9comma crashing now!\n',b'AddressSanitizer:DEADLYSIGNAL\n=================================================================\n==1554017==ERROR: AddressSanitizer: SEGV on unknown address 0x60c0587664ac (pc 0x0000004fef90 bp 0x7fffffffd9d0 sp 0x7fffffffd9b0 T0)\n==1554017==The signal is caused by a READ memory access.\n    #0 0x4fef90 in hex_digits /root/datav5/lava_corpus/LAVA-M/md5sum/coreutils-8.24-lava-safe/src/md5sum.c:430:12\n    #1 0x4fd86c in digest_check /root/datav5/lava_corpus/LAVA-M/md5sum/coreutils-8.24-lava-safe/src/md5sum.c:663:47\n    #2 0x4fa7d0 in main /root/datav5/lava_corpus/LAVA-M/md5sum/coreutils-8.24-lava-safe/src/md5sum.c:954:15\n    #3 0x7ffff7c3e082 in __libc_start_main /build/glibc-SzIz7B/glibc-2.31/csu/../csu/libc-start.c:308:16\n    #4 0x41c4ed in _start (/home/fzz/Desktop/STFGFuzz/Programs/md5sum/code_Bin/md5sum+0x41c4ed)\n\nAddressSanitizer can not provide additional info.\nSUMMARY: AddressSanitizer: SEGV /root/datav5/lava_corpus/LAVA-M/md5sum/coreutils-8.24-lava-safe/src/md5sum.c:430:12 in hex_digits\n==1554017==ABORTING\n',
20220524143616900330_st1.seed,2022-05-24_08:57:22,0:5:38:54,b'5788be1014ef2f7fbcfa95802afc9002  /bin/bash\na7e7dd15fbc8602c16d52981f037362f  /bin/bunzip2\n6045834024c3ced15a5307b30482daf0  /bin/busybox\na7e7dd15fbc8602c16d52981f037362f  /bin/bzcat\n`valfc0d18a8c8679897afec7dc20f81  /bin/bzcmp\ne786fc0d18a8c8679897afec7dc20f81  /bin/bzdiff\n2b11565d85da178b3a1942a22d20c624  /bin/bzegrep\n10a5a0be2ad3f47fff12daaf1c0256c5  /bin/bzexe\n2b11565d85da178b3a1942a22d20c624  /bin/bzfgrep\n2b11565d85da178b3a1942a22d20c624  /bin/bzgrep\na7e7dd15fbc8602c16d52981f037362f  /bin/bzip2\n52823a9edfb1d5c10d4a7f7e1ef6886c  /bin/bzip2recover\ne243255b6cf3b9403df53cb9cd6176e1  /bin/bzless\ne243255b6cf3b9403df53cb9cd6176e1  /bin/bzmore\n89cc12be56895e376170481cf4c6d3dd  /bin/cat\nc6c5008abbb451cb7f55dda75f08d397  /bin/chacl\n8f5b0c892d137d538fe872b374971abc  /bin/chgrp\n384ae63a041ed378d704457025c68f8a  /bin/chmod\na54e11e750fd2efb78f2cc008436bd24  /bin/chown\nedc7b0851b862ff9c3b60f6a0e04d998  /bin/chvt\n',b'D124816Z\nFc0x4f973b0x4f9abc0x4fd522Z\n/bin/bash: FAILED\n/bin/bunzip2: FAILED\n/bin/busybox: FAILED\n/bin/bzcat: FAILED\nSuccessfully triggered bug 1comma crashing now!\nSuccessfully triggered bug 1comma crashing now!\n',b'AddressSanitizer:DEADLYSIGNAL\n=================================================================\n==1554065==ERROR: AddressSanitizer: SEGV on unknown address (pc 0x0000004fec9a bp 0x7fffffffd9d0 sp 0x7fffffffd960 T0)\n==1554065==The signal is caused by a READ memory access.\n==1554065==Hint: this fault was caused by a dereference of a high value address (see register values below).  Disassemble the provided pc to learn which register was used.\n    #0 0x4fec9a in split_3 /root/datav5/lava_corpus/LAVA-M/md5sum/coreutils-8.24-lava-safe/src/md5sum.c:382:15\n    #1 0x4fc9ec in digest_check /root/datav5/lava_corpus/LAVA-M/md5sum/coreutils-8.24-lava-safe/src/md5sum.c:631:39\n    #2 0x4fa7d0 in main /root/datav5/lava_corpus/LAVA-M/md5sum/coreutils-8.24-lava-safe/src/md5sum.c:954:15\n    #3 0x7ffff7c3e082 in __libc_start_main /build/glibc-SzIz7B/glibc-2.31/csu/../csu/libc-start.c:308:16\n    #4 0x41c4ed in _start (/home/fzz/Desktop/STFGFuzz/Programs/md5sum/code_Bin/md5sum+0x41c4ed)\n\nAddressSanitizer can not provide additional info.\nSUMMARY: AddressSanitizer: SEGV /root/datav5/lava_corpus/LAVA-M/md5sum/coreutils-8.24-lava-safe/src/md5sum.c:382:15 in split_3\n==1554065==ABORTING\n',
20220524155300696203_st1.seed,2022-05-24_08:57:22,0:6:55:38,b'\x06ualb\x00\x00\x0014ef2f7fbcfa95802afc90\x00\x00\x00 \x00\x00\x00\x00\x00\x00\x00\x00\x00\x00\x007\x00\x00\x00d\x00\x00fbc8602c16d52981f0373\x002f\x00\x00\x00\x00\x00\x00\x00\x00\x00\x00\x00\x00\x00\x00\x006045834024c3ced15a5307b30482daf0  /bin/busybox\na7e7dd15fbc8602c16d52981f037362f  /bin/bzcat\ne786fc0d18a8c8679897afec7dc20f81  /bin/bzcmp\ne786fc0d18a8c8679897afec7dc20f81  /bin/bzdiff\n2b11565d85da178b3a1942a22d20c624  /bin/bzegrep\n10a5a0be2ad3f47fff12daaf1c0256c5  /bin/bzexe\n2b11565d85da178b3a1942a22d20c624  /bin/bzfgrep\n2b11565d85da178b3a1942a22d20c624  /bin/bzgrep\na7e7dd15fbc8602c16d52981f037362f  /bin/bzip2\n52823a9edfb1d5c10d4a7f7e1ef6886c  /bin/bzip2recover\ne243255b6cf3b9403df53cb9cd6176e1  /bin/bzless\ne243255b6cf3b9403df53cb9cd6176e1  /bin/bzmore\n89cc12be56895e376170481cf4c6d3dd  /bin/cat\nc6c5008abbb451cb7f55dda75f08d397  /bin/chacl\n8f5b0c892d137d538fe872b374971abc  /bin/chgrp\n384ae63a041ed378d704457025c68f8a  /bin/chmod\na54e11e750fd2efb78f2cc008436bd24  /bin/chown\nedc7b0851b862ff9c3b60f6a0e04d998  /bin/chvt\n',b'Successfully triggered bug 347comma crashing now!\nSuccessfully triggered bug 347comma crashing now!\n',b'=================================================================\n==1892612==AddressSanitizer CHECK failed: /home/fzz/Desktop/STFGFuzz/LLVM/llvm/projects/compiler-rt/lib/asan/asan_descriptions.cpp:80 "((0 && "Address is not in memory and not in shadow?")) != (0)" (0x0comma 0x0)\n    #0 0x4c902b in __asan::AsanCheckFailed(char const*comma intcomma char const*comma unsigned long longcomma unsigned long long) /home/fzz/Desktop/STFGFuzz/LLVM/llvm/projects/compiler-rt/lib/asan/asan_rtl.cpp:74:5\n    #1 0x4e0e4e in __sanitizer::CheckFailed(char const*comma intcomma char const*comma unsigned long longcomma unsigned long long) /home/fzz/Desktop/STFGFuzz/LLVM/llvm/projects/compiler-rt/lib/sanitizer_common/sanitizer_termination.cpp:78:24\n    #2 0x428bd7 in GetShadowKind /home/fzz/Desktop/STFGFuzz/LLVM/llvm/projects/compiler-rt/lib/asan/asan_descriptions.cpp:80:5\n    #3 0x428bd7 in __asan::GetShadowAddressInformation(unsigned longcomma __asan::ShadowAddressDescription*) /home/fzz/Desktop/STFGFuzz/LLVM/llvm/projects/compiler-rt/lib/asan/asan_descriptions.cpp:96:21\n    #4 0x428bd7 in __asan::GetShadowAddressInformation(unsigned longcomma __asan::ShadowAddressDescription*) /home/fzz/Desktop/STFGFuzz/LLVM/llvm/projects/compiler-rt/lib/asan/asan_descriptions.cpp:93:6\n    #5 0x428bd7 in __asan::AddressDescription::AddressDescription(unsigned longcomma unsigned longcomma bool) /home/fzz/Desktop/STFGFuzz/LLVM/llvm/projects/compiler-rt/lib/asan/asan_descriptions.cpp:441:34\n    #6 0x42b629 in __asan::ErrorGeneric::ErrorGeneric(unsigned intcomma unsigned longcomma unsigned longcomma unsigned longcomma unsigned longcomma boolcomma unsigned long) /home/fzz/Desktop/STFGFuzz/LLVM/llvm/projects/compiler-rt/lib/asan/asan_errors.cpp:395:19\n    #7 0x4c86f8 in __asan::ReportGenericError(unsigned longcomma unsigned longcomma unsigned longcomma unsigned longcomma boolcomma unsigned longcomma unsigned intcomma bool) /home/fzz/Desktop/STFGFuzz/LLVM/llvm/projects/compiler-rt/lib/asan/asan_report.cpp:476:33\n    #8 0x4371e4 in __interceptor_memcpy.part.0 /home/fzz/Desktop/STFGFuzz/LLVM/llvm/projects/compiler-rt/lib/asan/../sanitizer_common/sanitizer_common_interceptors.inc:810:5\n    #9 0x4ffe3a in md5_finish_ctx /root/datav5/lava_corpus/LAVA-M/md5sum/coreutils-8.24-lava-safe/lib/md5.c:129:3\n    #10 0x501415 in md5_stream /root/datav5/lava_corpus/LAVA-M/md5sum/coreutils-8.24-lava-safe/lib/md5.c:206:3\n    #11 0x4fe756 in digest_file /root/datav5/lava_corpus/LAVA-M/md5sum/coreutils-8.24-lava-safe/src/md5sum.c:485:9\n    #12 0x4fdc06 in digest_check /root/datav5/lava_corpus/LAVA-M/md5sum/coreutils-8.24-lava-safe/src/md5sum.c:696:43\n    #13 0x4fa7d0 in main /root/datav5/lava_corpus/LAVA-M/md5sum/coreutils-8.24-lava-safe/src/md5sum.c:954:15\n    #14 0x7ffff7c3e082 in __libc_start_main /build/glibc-SzIz7B/glibc-2.31/csu/../csu/libc-start.c:308:16\n    #15 0x41c4ed in _start (/home/fzz/Desktop/STFGFuzz/Programs/md5sum/code_Bin/md5sum+0x41c4ed)\n\n',,,
20220524165650623396_st1.seed,2022-05-24_08:57:22,0:7:59:28,b'lat\xf4\x00\x00\x00\x0014ef2f7fbcfa95802afc\x00\x00\x00\x00\x00 \x00\x00\x00\x00\x00\x00\x00\x00\x00\x00\x00\x00\x007d\x00\x00\x00fbc8602c16d52981f037\x0062f\x00\x00\x00\x00\x00\x00\x00\x00\x00\x00\x00\x00\x00\x00\x006045834024c3ced15a5307b30482daf0  /bin/busybox\na7e7dd15fbc8602c16d52981f037362f  /bin/bzcat\ne786fc0d18a8c8679897afec7dc20f81  /bin/bzcmp\ne786fc0d18a8c8679897afec7dc20f81  /bin/bzdiff\n2b11565d85da178b3a1942a22d20c624  /bin/bzegrep\n10a5a0be2ad3f47fff12daaf1c0256c5  /bin/bzexe\n2b11565d85da178b3a1942a22d20c624  /bin/bzfgrep\n2b11565d85da178b3a1942a22d20c624  /bin/bzgrep\na7e7dd15fbc8602c16d52981f037362f  /bin/bzip2\n52823a9edfb1d5c10d4a7f7e1ef6886c  /bin/bzip2recover\ne243255b6cf3b9403df53cb9cd6176e1  /bin/bzless\ne243255b6cf3b9403df53cb9cd6176e1  /bin/bzmore\n89cc12be56895e376170481cf4c6d3dd  /bin/cat\nc6c5008abbb451cb7f55dda75f08d397  /bin/chacl\n8f5b0c892d137d538fe872b374971abc  /bin/chgrp\n384ae63a041ed378d704457025c68f8a  /bin/chmod\na54e11e750fd2efb78f2cc008436bd24  /bin/chown\nedc7b0851b862ff9c3b60f6a0e04d998  /bin/chvt\n',b'Successfully triggered bug 365comma crashing now!\nSuccessfully triggered bug 365comma crashing now!\nSuccessfully triggered bug 365comma crashing now!\n',b'AddressSanitizer:DEADLYSIGNAL\n=================================================================\n==2169831==ERROR: AddressSanitizer: SEGV on unknown address 0x10009e8e076a (pc 0x000000433f17 bp 0x7fffffffd790 sp 0x7fffffffcf28 T0)\n==2169831==The signal is caused by a READ memory access.\n    #0 0x433f17 in AddressIsPoisoned /home/fzz/Desktop/STFGFuzz/LLVM/llvm/projects/compiler-rt/lib/asan/asan_mapping.h:407:6\n    #1 0x433f17 in __asan::QuickCheckForUnpoisonedRegion(unsigned longcomma unsigned long) /home/fzz/Desktop/STFGFuzz/LLVM/llvm/projects/compiler-rt/lib/asan/asan_interceptors_memintrinsics.h:31:30\n    #2 0x436fdb in __interceptor_memcpy.part.0 /home/fzz/Desktop/STFGFuzz/LLVM/llvm/projects/compiler-rt/lib/asan/../sanitizer_common/sanitizer_common_interceptors.inc:810:5\n    #3 0x4ffc68 in set_uint32 /root/datav5/lava_corpus/LAVA-M/md5sum/coreutils-8.24-lava-safe/lib/md5.c:94:3\n    #4 0x4ffaec in md5_read_ctx /root/datav5/lava_corpus/LAVA-M/md5sum/coreutils-8.24-lava-safe/lib/md5.c:105:3\n    #5 0x4ffef3 in md5_finish_ctx /root/datav5/lava_corpus/LAVA-M/md5sum/coreutils-8.24-lava-safe/lib/md5.c:134:10\n    #6 0x501415 in md5_stream /root/datav5/lava_corpus/LAVA-M/md5sum/coreutils-8.24-lava-safe/lib/md5.c:206:3\n    #7 0x4fe756 in digest_file /root/datav5/lava_corpus/LAVA-M/md5sum/coreutils-8.24-lava-safe/src/md5sum.c:485:9\n    #8 0x4fdc06 in digest_check /root/datav5/lava_corpus/LAVA-M/md5sum/coreutils-8.24-lava-safe/src/md5sum.c:696:43\n    #9 0x4fa7d0 in main /root/datav5/lava_corpus/LAVA-M/md5sum/coreutils-8.24-lava-safe/src/md5sum.c:954:15\n    #10 0x7ffff7c3e082 in __libc_start_main /build/glibc-SzIz7B/glibc-2.31/csu/../csu/libc-start.c:308:16\n    #11 0x41c4ed in _start (/home/fzz/Desktop/STFGFuzz/Programs/md5sum/code_Bin/md5sum+0x41c4ed)\n\nAddressSanitizer can not provide additional info.\nSUMMARY: AddressSanitizer: SEGV /home/fzz/Desktop/STFGFuzz/LLVM/llvm/projects/compiler-rt/lib/asan/asan_mapping.h:407:6 in AddressIsPoisoned\n==2169831==ABORTING\n',,,
20220524181353603806_st1.seed,2022-05-24_08:57:22,0:9:16:31,b'5788be1014ef2f7fbcfa95802afc9002  /bin/bash\na7e7dd15fbc8602c16d52981f037362f  /bin/bunzip2\n6045834024c3ced15a5307b30482daf0  /bin/busybox\na7e7dd15fbc8602c16d52981f037362f  /bin/bzcat\ne786fc0d18a8c8679897afec7dc20f81  /bin/bzcmp\ne786fc0d18a8c8679897afec7dc20f81  /bin/bzdiff\n2b11565d85da178b3a1942a22d20c624  /bin/bzegrep\n10a5a0be2ad3f47fff12daaf1c0256c5  /bin/bzexe\n\x0cual565d85da178b3a1942a22d20c624\x00\x00/bin/bzfgrep\n2b11565d85da178b3a1942a22d20c624  /bin/bzgrep\na7e7dd15fbc8602c16d52981f037362f  /bin/bzip2\n52823a9edfb1d5c10d4a7f7e1ef6886c  /bin/bzip2recover\ne243255b6cf3b9403df53cb9cd6176e1  /bin/bzless\ne243255b6cf3b9403df53cb9cd6176e1  /bin/bzmore\n89cc12be56895e376170481cf4c6d3dd  /bin/cat\nc6c5008abbb451cb7f55dda75f08d397  /bin/chacl\n8f5b0c892d137d538fe872b374971abc  /bin/chgrp\n384ae63a041ed378d704457025c68f8a  /bin/chmod\na54e11e750fd2efb78f2cc008436bd24  /bin/chown\nedc7b0851b862ff9c3b60f6a0e04d998  /bin/chvt\n',b'D124816Z\nFc0x4f973b0x4f9abc0x4fbaf9Z\n/bin/bash: FAILED\n/bin/bunzip2: FAILED\n/bin/busybox: FAILED\n/bin/bzcat: FAILED\n/bin/bzcmp: FAILED\n/bin/bzdiff: FAILED\n/bin/bzegrep: FAILED\n/bin/bzexe: OK\nSuccessfully triggered bug 341comma crashing now!\nSuccessfully triggered bug 341comma crashing now!\n',b'=================================================================\n==2463506==ERROR: AddressSanitizer: heap-buffer-overflow on address 0x62d000058448 at pc 0x0000004370dd bp 0x7fffffffd7f0 sp 0x7fffffffcfa0\nREAD of size 1818326347 at 0x62d000058448 thread T0\n    #0 0x4370dc in __interceptor_memcpy.part.0 /home/fzz/Desktop/STFGFuzz/LLVM/llvm/projects/compiler-rt/lib/asan/../sanitizer_common/sanitizer_common_interceptors.inc:810:5\n    #1 0x5017c3 in md5_process_bytes /root/datav5/lava_corpus/LAVA-M/md5sum/coreutils-8.24-lava-safe/lib/md5.c:286:7\n    #2 0x501405 in md5_stream /root/datav5/lava_corpus/LAVA-M/md5sum/coreutils-8.24-lava-safe/lib/md5.c:203:5\n    #3 0x4fe756 in digest_file /root/datav5/lava_corpus/LAVA-M/md5sum/coreutils-8.24-lava-safe/src/md5sum.c:485:9\n    #4 0x4fdc06 in digest_check /root/datav5/lava_corpus/LAVA-M/md5sum/coreutils-8.24-lava-safe/src/md5sum.c:696:43\n    #5 0x4fa7d0 in main /root/datav5/lava_corpus/LAVA-M/md5sum/coreutils-8.24-lava-safe/src/md5sum.c:954:15\n    #6 0x7ffff7c3e082 in __libc_start_main /build/glibc-SzIz7B/glibc-2.31/csu/../csu/libc-start.c:308:16\n    #7 0x41c4ed in _start (/home/fzz/Desktop/STFGFuzz/Programs/md5sum/code_Bin/md5sum+0x41c4ed)\n\n0x62d000058448 is located 0 bytes to the right of 32840-byte region [0x62d000050400comma0x62d000058448)\nallocated by thread T0 here:\n    #0 0x4c205f in malloc /home/fzz/Desktop/STFGFuzz/LLVM/llvm/projects/compiler-rt/lib/asan/asan_malloc_linux.cpp:145:3\n    #1 0x501148 in md5_stream /root/datav5/lava_corpus/LAVA-M/md5sum/coreutils-8.24-lava-safe/lib/md5.c:147:18\n    #2 0x4fe756 in digest_file /root/datav5/lava_corpus/LAVA-M/md5sum/coreutils-8.24-lava-safe/src/md5sum.c:485:9\n    #3 0x4fdc06 in digest_check /root/datav5/lava_corpus/LAVA-M/md5sum/coreutils-8.24-lava-safe/src/md5sum.c:696:43\n    #4 0x4fa7d0 in main /root/datav5/lava_corpus/LAVA-M/md5sum/coreutils-8.24-lava-safe/src/md5sum.c:954:15\n    #5 0x7ffff7c3e082 in __libc_start_main /build/glibc-SzIz7B/glibc-2.31/csu/../csu/libc-start.c:308:16\n\nSUMMARY: AddressSanitizer: heap-buffer-overflow /home/fzz/Desktop/STFGFuzz/LLVM/llvm/projects/compiler-rt/lib/asan/../sanitizer_common/sanitizer_common_interceptors.inc:810:5 in __interceptor_memcpy.part.0\nShadow bytes around the buggy address:\n  0x0c5a80003030: 00 00 00 00 00 00 00 00 00 00 00 00 00 00 00 00\n  0x0c5a80003040: 00 00 00 00 00 00 00 00 00 00 00 00 00 00 00 00\n  0x0c5a80003050: 00 00 00 00 00 00 00 00 00 00 00 00 00 00 00 00\n  0x0c5a80003060: 00 00 00 00 00 00 00 00 00 00 00 00 00 00 00 00\n  0x0c5a80003070: 00 00 00 00 00 00 00 00 00 00 00 00 00 00 00 00\n=>0x0c5a80003080: 00 00 00 00 00 00 00 00 00[fa]fa fa fa fa fa fa\n  0x0c5a80003090: fa fa fa fa fa fa fa fa fa fa fa fa fa fa fa fa\n  0x0c5a800030a0: fa fa fa fa fa fa fa fa fa fa fa fa fa fa fa fa\n  0x0c5a800030b0: fa fa fa fa fa fa fa fa fa fa fa fa fa fa fa fa\n  0x0c5a800030c0: fa fa fa fa fa fa fa fa fa fa fa fa fa fa fa fa\n  0x0c5a800030d0: fa fa fa fa fa fa fa fa fa fa fa fa fa fa fa fa\nShadow byte legend (one shadow byte represents 8 application bytes):\n  Addressable:           00\n  Partially addressable: 01 02 03 04 05 06 07 \n  Heap left redzone:       fa\n  Freed heap region:       fd\n  Stack left redzone:      f1\n  Stack mid redzone:       f2\n  Stack right redzone:     f3\n  Stack after return:      f5\n  Stack use after scope:   f8\n  Global redzone:          f9\n  Global init order:       f6\n  Poisoned by user:        f7\n  Container overflow:      fc\n  Array cookie:            ac\n  Intra object redzone:    bb\n  ASan internal:           fe\n  Left alloca redzone:     ca\n  Right alloca redzone:    cb\n  Shadow gap:              cc\n==2463506==ABORTING\n',,,
20220524182648739513_st1.seed,2022-05-24_08:57:22,0:9:29:26,b'5788be1014ef2f7fbcfa95802afc9002  /bin/bash\na7e7dd15fbc8602c16d52981f037362f  /bin/bunzip2\n6045834024c3ced15a5307b30482daf0  /bin/busybox\na7e7dd15fbc8602c16d52981f037362f  /bin/bzcat\n_valfc0d18a8c8679897afec7dc20f81  /bin/bzcmp\ne786fc0d18a8c8679897afec7dc20f81  /bin/bzdiff\n2b11565d85da178b3a1942a22d20c624  /bin/bzegrep\n10a5a0be2ad3f47fff12daaf1c0256c5  /bin/bzexe\n2b11565d85da178b3a1942a22d20c624  /bin/bzfgrep\n2b11565d85da178b3a1942a22d20c624  /bin/bzgrep\na7e7dd15fbc8602c16d52981f037362f  /bin/bzip2\n52823a9edfb1d5c10d4a7f7e1ef6886c  /bin/bzip2recover\ne243255b6cf3b9403df53cb9cd6176e1  /bin/bzless\ne243255b6cf3b9403df53cb9cd6176e1  /bin/bzmore\n89cc12be56895e376170481cf4c6d3dd  /bin/cat\nc6c5008abbb451cb7f55dda75f08d397  /bin/chacl\n8f5b0c892d137d538fe872b374971abc  /bin/chgrp\n384ae63a041ed378d704457025c68f8a  /bin/chmod\na54e11e750fd2efb78f2cc008436bd24  /bin/chown\nedc7b0851b862ff9c3b60f6a0e04d998  /bin/chvt\n',b'D124816Z\nFc0x4f973b0x4f9abc0x4fd6cfZ\n/bin/bash: FAILED\n/bin/bunzip2: FAILED\n/bin/busybox: FAILED\n/bin/bzcat: FAILED\nSuccessfully triggered bug 2comma crashing now!\nSuccessfully triggered bug 2comma crashing now!\n',b'AddressSanitizer:DEADLYSIGNAL\n=================================================================\n==2503660==ERROR: AddressSanitizer: SEGV on unknown address (pc 0x0000004feecf bp 0x7fffffffd9d0 sp 0x7fffffffd960 T0)\n==2503660==The signal is caused by a READ memory access.\n==2503660==Hint: this fault was caused by a dereference of a high value address (see register values below).  Disassemble the provided pc to learn which register was used.\n    #0 0x4feecf in split_3 /root/datav5/lava_corpus/LAVA-M/md5sum/coreutils-8.24-lava-safe/src/md5sum.c:414:14\n    #1 0x4fc9ec in digest_check /root/datav5/lava_corpus/LAVA-M/md5sum/coreutils-8.24-lava-safe/src/md5sum.c:631:39\n    #2 0x4fa7d0 in main /root/datav5/lava_corpus/LAVA-M/md5sum/coreutils-8.24-lava-safe/src/md5sum.c:954:15\n    #3 0x7ffff7c3e082 in __libc_start_main /build/glibc-SzIz7B/glibc-2.31/csu/../csu/libc-start.c:308:16\n    #4 0x41c4ed in _start (/home/fzz/Desktop/STFGFuzz/Programs/md5sum/code_Bin/md5sum+0x41c4ed)\n\nAddressSanitizer can not provide additional info.\nSUMMARY: AddressSanitizer: SEGV /root/datav5/lava_corpus/LAVA-M/md5sum/coreutils-8.24-lava-safe/src/md5sum.c:414:14 in split_3\n==2503660==ABORTING\n',,,
20220524213850115708_st1.seed,2022-05-24_08:57:22,0:12:41:27,b'Eualbe1014ef2f7fbcfa95802afc9002  /bin/bash\na7e7dd15fbc8602c16d52981f037362f  /bin/bunzip2\n6045834024c3ced15a5307b30482daf0  /bin/busybox\na7e7dd15fbc8602c16d52981f037362f  /bin/bzcat\ne786fc0d18a8c8679897afec7dc20f81  /bin/bzcmp\ne786fc0d18a8c8679897afec7dc20f81  /bin/bzdiff\n2b11565d85da178b3a1942a22d20c624  /bin/bzegrep\n10a5a0be2ad3f47fff12daaf1c0256c5  /bin/bzexe\n2b11565d85da178b3a1942a22d20c624  /bin/bzfgrep\n2b11565d85da178b3a1942a22d20c624  /bin/bzgrep\na7e7dd15fbc8602c16d52981f037362f  /bin/bzip2\n52823a9edfb1d5c10d4a7f7e1ef6886c  /bin/bzip2recover\ne243255b6cf3b9403df53cb9cd6176e1  /bin/bzless\ne243255b6cf3b9403df53cb9cd6176e1  /bin/bzmore\n89cc12be56895e376170481cf4c6d3dd  /bin/cat\nc6c5008abbb451cb7f55dda75f08d397  /bin/chacl\n8f5b0c892d137d538fe872b374971abc  /bin/chgrp\n384ae63a041ed378d704457025c68f8a  /bin/chmod\na54e11e750fd2efb78f2cc008436bd24  /bin/chown\nedc7b0851b862ff9c3b60f6a0e04d998  /bin/chvt\n',b'Successfully triggered bug 284comma crashing now!\nSuccessfully triggered bug 284comma crashing now!\n',b'AddressSanitizer:DEADLYSIGNAL\n=================================================================\n==3182637==ERROR: AddressSanitizer: SEGV on unknown address 0x60c06c617885 (pc 0x0000004fea17 bp 0x7fffffffd9d0 sp 0x7fffffffd960 T0)\n==3182637==The signal is caused by a READ memory access.\n    #0 0x4fea17 in split_3 /root/datav5/lava_corpus/LAVA-M/md5sum/coreutils-8.24-lava-safe/src/md5sum.c:350:10\n    #1 0x4fc9ec in digest_check /root/datav5/lava_corpus/LAVA-M/md5sum/coreutils-8.24-lava-safe/src/md5sum.c:631:39\n    #2 0x4fa7d0 in main /root/datav5/lava_corpus/LAVA-M/md5sum/coreutils-8.24-lava-safe/src/md5sum.c:954:15\n    #3 0x7ffff7c3e082 in __libc_start_main /build/glibc-SzIz7B/glibc-2.31/csu/../csu/libc-start.c:308:16\n    #4 0x41c4ed in _start (/home/fzz/Desktop/STFGFuzz/Programs/md5sum/code_Bin/md5sum+0x41c4ed)\n\nAddressSanitizer can not provide additional info.\nSUMMARY: AddressSanitizer: SEGV /root/datav5/lava_corpus/LAVA-M/md5sum/coreutils-8.24-lava-safe/src/md5sum.c:350:10 in split_3\n==3182637==ABORTING\n',,,
20220524213854565475_st1.seed,2022-05-24_08:57:22,0:12:41:32,b'lauMbe1014ef2f7fbcfa95802afc9002  /bin/bash\na7e7dd15fbc8602c16d52981f037362f  /bin/bunzip2\n6045834024c3ced15a5307b30482daf0  /bin/busybox\na7e7dd15fbc8602c16d52981f037362f  /bin/bzcat\ne786fc0d18a8c8679897afec7dc20f81  /bin/bzcmp\ne786fc0d18a8c8679897afec7dc20f81  /bin/bzdiff\n2b11565d85da178b3a1942a22d20c624  /bin/bzegrep\n10a5a0be2ad3f47fff12daaf1c0256c5  /bin/bzexe\n2b11565d85da178b3a1942a22d20c624  /bin/bzfgrep\n2b11565d85da178b3a1942a22d20c624  /bin/bzgrep\na7e7dd15fbc8602c16d52981f037362f  /bin/bzip2\n52823a9edfb1d5c10d4a7f7e1ef6886c  /bin/bzip2recover\ne243255b6cf3b9403df53cb9cd6176e1  /bin/bzless\ne243255b6cf3b9403df53cb9cd6176e1  /bin/bzmore\n89cc12be56895e376170481cf4c6d3dd  /bin/cat\nc6c5008abbb451cb7f55dda75f08d397  /bin/chacl\n8f5b0c892d137d538fe872b374971abc  /bin/chgrp\n384ae63a041ed378d704457025c68f8a  /bin/chmod\na54e11e750fd2efb78f2cc008436bd24  /bin/chown\nedc7b0851b862ff9c3b60f6a0e04d998  /bin/chvt\n',b'Successfully triggered bug 276comma crashing now!\nSuccessfully triggered bug 276comma crashing now!\nSuccessfully triggered bug 276comma crashing now!\n',b'AddressSanitizer:DEADLYSIGNAL\n=================================================================\n==3182828==ERROR: AddressSanitizer: SEGV on unknown address 0x61915b0a33a0 (pc 0x7ffff7c9d4fd bp 0x7fffffffd9d0 sp 0x7fffffffd110 T0)\n==3182828==The signal is caused by a READ memory access.\n    #0 0x7ffff7c9d4fd in getdelim /build/glibc-SzIz7B/glibc-2.31/libio/iogetdelim.c:52:3\n    #1 0x4970b8 in __interceptor_getline.part.0 /home/fzz/Desktop/STFGFuzz/LLVM/llvm/projects/compiler-rt/lib/asan/../sanitizer_common/sanitizer_common_interceptors.inc:5199:30\n    #2 0x4fbe96 in digest_check /root/datav5/lava_corpus/LAVA-M/md5sum/coreutils-8.24-lava-safe/src/md5sum.c:599:44\n    #3 0x4fa7d0 in main /root/datav5/lava_corpus/LAVA-M/md5sum/coreutils-8.24-lava-safe/src/md5sum.c:954:15\n    #4 0x7ffff7c3e082 in __libc_start_main /build/glibc-SzIz7B/glibc-2.31/csu/../csu/libc-start.c:308:16\n    #5 0x41c4ed in _start (/home/fzz/Desktop/STFGFuzz/Programs/md5sum/code_Bin/md5sum+0x41c4ed)\n\nAddressSanitizer can not provide additional info.\nSUMMARY: AddressSanitizer: SEGV /build/glibc-SzIz7B/glibc-2.31/libio/iogetdelim.c:52:3 in getdelim\n==3182828==ABORTING\n',,,
20220525094154893261_st1.seed,2022-05-24_08:57:22,1:0:44:32,b'lau\x1eb\x00\x00\x0014ef2f7fbcfa95802afc\x000\x00\x00\x00 \x00\x00\x00\x00\x00\x00\x00\x00\x00\x00\x007\x00\x00dd\x00\x00fbc8602c16d52981f037\x00\x00\x00\x00\x00\x00\x00\x00\x00\x00\x00\x00\x00\x00\x00\x00\x00\x00\x006045834024c3ced15a5307b30482daf0  /bin/busybox\na7e7dd15fbc8602c16d52981f037362f  /bin/bzcat\ne786fc0d18a8c8679897afec7dc20f81  /bin/bzcmp\ne786fc0d18a8c8679897afec7dc20f81  /bin/bzdiff\n2b11565d85da178b3a1942a22d20c624  /bin/bzegrep\n10a5a0be2ad3f47fff12daaf1c0256c5  /bin/bzexe\n2b11565d85da178b3a1942a22d20c624  /bin/bzfgrep\n2b11565d85da178b3a1942a22d20c624  /bin/bzgrep\na7e7dd15fbc8602c16d52981f037362f  /bin/bzip2\n52823a9edfb1d5c10d4a7f7e1ef6886c  /bin/bzip2recover\ne243255b6cf3b9403df53cb9cd6176e1  /bin/bzless\ne243255b6cf3b9403df53cb9cd6176e1  /bin/bzmore\n89cc12be56895e376170481cf4c6d3dd  /bin/cat\nc6c5008abbb451cb7f55dda75f08d397  /bin/chacl\n8f5b0c892d137d538fe872b374971abc  /bin/chgrp\n384ae63a041ed378d704457025c68f8a  /bin/chmod\na54e11e750fd2efb78f2cc008436bd24  /bin/chown\nedc7b0851b862ff9c3b60f6a0e04d998  /bin/chvt\n',b'Successfully triggered bug 323comma crashing now!\nSuccessfully triggered bug 323comma crashing now!\nSuccessfully triggered bug 323comma crashing now!\n',b'AddressSanitizer:DEADLYSIGNAL\n=================================================================\n==1053542==ERROR: AddressSanitizer: SEGV on unknown address 0x6169b30a3620 (pc 0x7ffff7ca3ea4 bp 0x7fffffffd960 sp 0x7fffffffd928 T0)\n==1053542==The signal is caused by a READ memory access.\n    #0 0x7ffff7ca3ea4 in fileno_unlocked /build/glibc-SzIz7B/glibc-2.31/libio/fileno.c:35:6\n    #1 0x501ac4 in fadvise /root/datav5/lava_corpus/LAVA-M/md5sum/coreutils-8.24-lava-safe/lib/fadvise.c:43:15\n    #2 0x4fe749 in digest_file /root/datav5/lava_corpus/LAVA-M/md5sum/coreutils-8.24-lava-safe/src/md5sum.c:483:3\n    #3 0x4fdc06 in digest_check /root/datav5/lava_corpus/LAVA-M/md5sum/coreutils-8.24-lava-safe/src/md5sum.c:696:43\n    #4 0x4fa7d0 in main /root/datav5/lava_corpus/LAVA-M/md5sum/coreutils-8.24-lava-safe/src/md5sum.c:954:15\n    #5 0x7ffff7c3d082 in __libc_start_main /build/glibc-SzIz7B/glibc-2.31/csu/../csu/libc-start.c:308:16\n    #6 0x41c4ed in _start (/home/fzz/Desktop/STFGFuzz/Programs/md5sum/code_Bin/md5sum+0x41c4ed)\n\nAddressSanitizer can not provide additional info.\nSUMMARY: AddressSanitizer: SEGV /build/glibc-SzIz7B/glibc-2.31/libio/fileno.c:35:6 in fileno_unlocked\n==1053542==ABORTING\n',,,
20220525160043045649_coarse1.seed,2022-05-25_16:00:38,0:0:0:0,b'AAABAAAC14ef2f7fbcfa95802afc9002  /bin/bash\na7e7dd15fbc8602c16d52981f037362f  /bin/bunzip2\n6045834024c3ced15a5307b30482daf0  /bin/busybox\na7e7dd15fbc8602c16d52981f037362f  /bin/bzcat\n',b'D124816Z\nFNoneZ\n/bin/bash: FAILED\n/bin/bunzip2: FAILED\n/bin/busybox: FAILED\n/bin/bzcat: FAILED\n',b'./Programs/md5sum/code_Bin/md5sum: WARNING: 4 computed checksums did NOT match\n',,,
20220525160046783214_fine1.seed,2022-05-25_16:00:38,0:0:0:8,b'5788be1014ef2f7fbcfa95802afc9002 ;/bin/bash\na7e7dd15fbc8602c16d52981f037362f  /bin/bunzip2\n6045834024c3ced15a5307b30482daf0  /bin/busybox\na7e7dd15fbc8602c16d52981f037362f  /bin/bzcat\n',b'D124816Z\nFc0x4f973b0x4f9abc0x4fd6c2Z\n;/bin/bash: FAILED open or read\n /bin/bunzip2: FAILED open or read\n /bin/busybox: FAILED open or read\n /bin/bzcat: FAILED open or read\n',b'./Programs/md5sum/code_Bin/md5sum: ;/bin/bash: No such file or directory\n./Programs/md5sum/code_Bin/md5sum:  /bin/bunzip2: No such file or directory\n./Programs/md5sum/code_Bin/md5sum:  /bin/busybox: No such file or directory\n./Programs/md5sum/code_Bin/md5sum:  /bin/bzcat: No such file or directory\n./Programs/md5sum/code_Bin/md5sum: WARNING: 4 listed files could not be read\n',,,
20220525160112231566_st1.seed,2022-05-25_16:00:38,0:0:0:33,b'5788be1014ef2f7fbcfa95802afc9002  /bin/bash\na7e7dd15fbc8602c16d52981f037362f  /bin/bunzip2\n6045834024c3ced15a5307b30482daf0  /bin/busybox\nlavWdd15fbc8602c16d52981f037362f  /bin/bzcat\n',b'D124816Z\nFc0x4f973b0x4f9abc0x4fd6c2Z\n/bin/bash: FAILED\n/bin/bunzip2: FAILED\n/bin/busybox: FAILED\nSuccessfully triggered bug 10comma crashing now!\nSuccessfully triggered bug 10comma crashing now!\nSuccessfully triggered bug 10comma crashing now!\n',b'AddressSanitizer:DEADLYSIGNAL\n=================================================================\n==2111220==ERROR: AddressSanitizer: SEGV on unknown address 0x60c0577664ac (pc 0x0000004fef90 bp 0x7fffffffd9d0 sp 0x7fffffffd9b0 T0)\n==2111220==The signal is caused by a READ memory access.\n    #0 0x4fef90 in hex_digits /root/datav5/lava_corpus/LAVA-M/md5sum/coreutils-8.24-lava-safe/src/md5sum.c:430:12\n    #1 0x4fd86c in digest_check /root/datav5/lava_corpus/LAVA-M/md5sum/coreutils-8.24-lava-safe/src/md5sum.c:663:47\n    #2 0x4fa7d0 in main /root/datav5/lava_corpus/LAVA-M/md5sum/coreutils-8.24-lava-safe/src/md5sum.c:954:15\n    #3 0x7ffff7c3d082 in __libc_start_main /build/glibc-SzIz7B/glibc-2.31/csu/../csu/libc-start.c:308:16\n    #4 0x41c4ed in _start (/home/fzz/Desktop/STFGFuzz/Programs/md5sum/code_Bin/md5sum+0x41c4ed)\n\nAddressSanitizer can not provide additional info.\nSUMMARY: AddressSanitizer: SEGV /root/datav5/lava_corpus/LAVA-M/md5sum/coreutils-8.24-lava-safe/src/md5sum.c:430:12 in hex_digits\n==2111220==ABORTING\n',,,
20220525160113133817_st1.seed,2022-05-25_16:00:38,0:0:0:34,b'5788be1014ef2f7fbcfa95802afc9002  /bin/bash\na7e7dd15fbc8602c16d52981f037362f  /bin/bunzip2\n6045834024c3ced15a5307b30482daf0  /bin/busybox\n_valdd15fbc8602c16d52981f037362f  /bin/bzcat\n',b'D124816Z\nFc0x4f973b0x4f9abc0x4fd6c2Z\n/bin/bash: FAILED\n/bin/bunzip2: FAILED\n/bin/busybox: FAILED\nSuccessfully triggered bug 2comma crashing now!\nSuccessfully triggered bug 2comma crashing now!\n',b'AddressSanitizer:DEADLYSIGNAL\n=================================================================\n==2111267==ERROR: AddressSanitizer: SEGV on unknown address (pc 0x0000004feecf bp 0x7fffffffd9d0 sp 0x7fffffffd960 T0)\n==2111267==The signal is caused by a READ memory access.\n==2111267==Hint: this fault was caused by a dereference of a high value address (see register values below).  Disassemble the provided pc to learn which register was used.\n    #0 0x4feecf in split_3 /root/datav5/lava_corpus/LAVA-M/md5sum/coreutils-8.24-lava-safe/src/md5sum.c:414:14\n    #1 0x4fc9ec in digest_check /root/datav5/lava_corpus/LAVA-M/md5sum/coreutils-8.24-lava-safe/src/md5sum.c:631:39\n    #2 0x4fa7d0 in main /root/datav5/lava_corpus/LAVA-M/md5sum/coreutils-8.24-lava-safe/src/md5sum.c:954:15\n    #3 0x7ffff7c3d082 in __libc_start_main /build/glibc-SzIz7B/glibc-2.31/csu/../csu/libc-start.c:308:16\n    #4 0x41c4ed in _start (/home/fzz/Desktop/STFGFuzz/Programs/md5sum/code_Bin/md5sum+0x41c4ed)\n\nAddressSanitizer can not provide additional info.\nSUMMARY: AddressSanitizer: SEGV /root/datav5/lava_corpus/LAVA-M/md5sum/coreutils-8.24-lava-safe/src/md5sum.c:414:14 in split_3\n==2111267==ABORTING\n',,,
20220525160203087576_st1.seed,2022-05-25_16:00:38,0:0:1:24,b'5788be1014ef2f7fbcfa95802afc9002  /bin/bash\na7e7dd15fbc8602c16d52981f037362f  /bin/bunzip2\nlauO834024c3ced15a5307b30482daf0  /bin/busybox\na7e7dd15fbc8602c16d52981f037362f  /bin/bzcat\n',b'D124816Z\nFg0x4f98010x4fd7bd0x4fa7d1Z\n/bin/bash: FAILED\n/bin/bunzip2: FAILED\nSuccessfully triggered bug 274comma crashing now!\nSuccessfully triggered bug 274comma crashing now!\nSuccessfully triggered bug 274comma crashing now!\n',b'AddressSanitizer:DEADLYSIGNAL\n=================================================================\n==2116583==ERROR: AddressSanitizer: SEGV on unknown address (pc 0x7ffff7c9c528 bp 0x7fffffffdb70 sp 0x7fffffffd110 T0)\n==2116583==The signal is caused by a READ memory access.\n==2116583==Hint: this fault was caused by a dereference of a high value address (see register values below).  Disassemble the provided pc to learn which register was used.\n    #0 0x7ffff7c9c528 in getdelim /build/glibc-SzIz7B/glibc-2.31/libio/iogetdelim.c:59:24\n    #1 0x4970b8 in __interceptor_getline.part.0 /home/fzz/Desktop/STFGFuzz/LLVM/llvm/projects/compiler-rt/lib/asan/../sanitizer_common/sanitizer_common_interceptors.inc:5199:30\n    #2 0x4fbe96 in digest_check /root/datav5/lava_corpus/LAVA-M/md5sum/coreutils-8.24-lava-safe/src/md5sum.c:599:44\n    #3 0x4fa7d0 in main /root/datav5/lava_corpus/LAVA-M/md5sum/coreutils-8.24-lava-safe/src/md5sum.c:954:15\n    #4 0x7ffff7c3d082 in __libc_start_main /build/glibc-SzIz7B/glibc-2.31/csu/../csu/libc-start.c:308:16\n    #5 0x41c4ed in _start (/home/fzz/Desktop/STFGFuzz/Programs/md5sum/code_Bin/md5sum+0x41c4ed)\n\nAddressSanitizer can not provide additional info.\nSUMMARY: AddressSanitizer: SEGV /build/glibc-SzIz7B/glibc-2.31/libio/iogetdelim.c:59:24 in getdelim\n==2116583==ABORTING\n',,,
20220525160203273294_st1.seed,2022-05-25_16:00:38,0:0:1:24,b"5788be1014ef2f7fbcfa95802afc9002  /bin/bash\na7e7dd15fbc8602c16d52981f037362f  /bin/bunzip2\nlau'834024c3ced15a5307b30482daf0  /bin/busybox\na7e7dd15fbc8602c16d52981f037362f  /bin/bzcat\n",b'D124816Z\nFg0x4f98010x4fd7bd0x4fa7d1Z\n/bin/bash: FAILED\n/bin/bunzip2: FAILED\nSuccessfully triggered bug 314comma crashing now!\nSuccessfully triggered bug 314comma crashing now!\nSuccessfully triggered bug 314comma crashing now!\n',b'AddressSanitizer:DEADLYSIGNAL\n=================================================================\n==2116600==ERROR: AddressSanitizer: SEGV on unknown address 0x60c0277564ce (pc 0x7ffff7da16e5 bp 0x7fffffffd8e0 sp 0x7fffffffd078 T0)\n==2116600==The signal is caused by a READ memory access.\n    #0 0x7ffff7da16e5  /build/glibc-SzIz7B/glibc-2.31/string/../sysdeps/x86_64/multiarch/strlen-avx2.S:65\n    #1 0x478142 in __interceptor_fopen.part.0 /home/fzz/Desktop/STFGFuzz/LLVM/llvm/projects/compiler-rt/lib/asan/../sanitizer_common/sanitizer_common_interceptors.inc:6048:13\n    #2 0x501e5f in fopen_safer /root/datav5/lava_corpus/LAVA-M/md5sum/coreutils-8.24-lava-safe/lib/fopen-safer.c:43:37\n    #3 0x4fe509 in digest_file /root/datav5/lava_corpus/LAVA-M/md5sum/coreutils-8.24-lava-safe/src/md5sum.c:469:12\n    #4 0x4fdc06 in digest_check /root/datav5/lava_corpus/LAVA-M/md5sum/coreutils-8.24-lava-safe/src/md5sum.c:696:43\n    #5 0x4fa7d0 in main /root/datav5/lava_corpus/LAVA-M/md5sum/coreutils-8.24-lava-safe/src/md5sum.c:954:15\n    #6 0x7ffff7c3d082 in __libc_start_main /build/glibc-SzIz7B/glibc-2.31/csu/../csu/libc-start.c:308:16\n    #7 0x41c4ed in _start (/home/fzz/Desktop/STFGFuzz/Programs/md5sum/code_Bin/md5sum+0x41c4ed)\n\nAddressSanitizer can not provide additional info.\nSUMMARY: AddressSanitizer: SEGV /build/glibc-SzIz7B/glibc-2.31/string/../sysdeps/x86_64/multiarch/strlen-avx2.S:65 \n==2116600==ABORTING\n',,,
20220525160320893969_st1.seed,2022-05-25_16:00:38,0:0:2:42,b'\x1bual\x00e\x00\x0014ef2f7fbcfa95802afc\x00\x00\x00\x00\x00 \x00\x00\x00\x00\x00\x00\x00\x00\x00\x00a7e7dd15fbc8602c16d52981f037362f  /bin/bunzip2\n6045834024c3ced15a5307b30482daf0  /bin/busybox\na7e7dd15fbc8602c16d52981f037362f  /bin/bzcat\n',b'Successfully triggered bug 326comma crashing now!\nSuccessfully triggered bug 326comma crashing now!\n',b'AddressSanitizer:DEADLYSIGNAL\n=================================================================\n==2125816==ERROR: AddressSanitizer: SEGV on unknown address 0x61ab723ad1c8 (pc 0x7ffff7ca3ea4 bp 0x7fffffffd960 sp 0x7fffffffd928 T0)\n==2125816==The signal is caused by a READ memory access.\n    #0 0x7ffff7ca3ea4 in fileno_unlocked /build/glibc-SzIz7B/glibc-2.31/libio/fileno.c:35:6\n    #1 0x501ac4 in fadvise /root/datav5/lava_corpus/LAVA-M/md5sum/coreutils-8.24-lava-safe/lib/fadvise.c:43:15\n    #2 0x4fe749 in digest_file /root/datav5/lava_corpus/LAVA-M/md5sum/coreutils-8.24-lava-safe/src/md5sum.c:483:3\n    #3 0x4fdc06 in digest_check /root/datav5/lava_corpus/LAVA-M/md5sum/coreutils-8.24-lava-safe/src/md5sum.c:696:43\n    #4 0x4fa7d0 in main /root/datav5/lava_corpus/LAVA-M/md5sum/coreutils-8.24-lava-safe/src/md5sum.c:954:15\n    #5 0x7ffff7c3d082 in __libc_start_main /build/glibc-SzIz7B/glibc-2.31/csu/../csu/libc-start.c:308:16\n    #6 0x41c4ed in _start (/home/fzz/Desktop/STFGFuzz/Programs/md5sum/code_Bin/md5sum+0x41c4ed)\n\nAddressSanitizer can not provide additional info.\nSUMMARY: AddressSanitizer: SEGV /build/glibc-SzIz7B/glibc-2.31/libio/fileno.c:35:6 in fileno_unlocked\n==2125816==ABORTING\n',,,
20220525160741765097_st1.seed,2022-05-25_16:00:38,0:0:7:3,b'5788be1014ef2f7fbcfa95802afc9002  /bin/bash\na7e7dd15fbc8602c16d52981f037362f  /bin/bunzip2\n6045834024c3ced15a5307b30482daf0  /bin/busybox\nlav`dd15fbc8602c16d52981f037362f  /bin/bzcat\n',b'D124816Z\nFc0x4f973b0x4f9b270x4fd515Z\n/bin/bash: FAILED\n/bin/bunzip2: FAILED\n/bin/busybox: FAILED\nSuccessfully triggered bug 1comma crashing now!\nSuccessfully triggered bug 1comma crashing now!\nSuccessfully triggered bug 1comma crashing now!\n',b'AddressSanitizer:DEADLYSIGNAL\n=================================================================\n==2159199==ERROR: AddressSanitizer: SEGV on unknown address (pc 0x0000004fec9a bp 0x7fffffffd9d0 sp 0x7fffffffd960 T0)\n==2159199==The signal is caused by a READ memory access.\n==2159199==Hint: this fault was caused by a dereference of a high value address (see register values below).  Disassemble the provided pc to learn which register was used.\n    #0 0x4fec9a in split_3 /root/datav5/lava_corpus/LAVA-M/md5sum/coreutils-8.24-lava-safe/src/md5sum.c:382:15\n    #1 0x4fc9ec in digest_check /root/datav5/lava_corpus/LAVA-M/md5sum/coreutils-8.24-lava-safe/src/md5sum.c:631:39\n    #2 0x4fa7d0 in main /root/datav5/lava_corpus/LAVA-M/md5sum/coreutils-8.24-lava-safe/src/md5sum.c:954:15\n    #3 0x7ffff7c3d082 in __libc_start_main /build/glibc-SzIz7B/glibc-2.31/csu/../csu/libc-start.c:308:16\n    #4 0x41c4ed in _start (/home/fzz/Desktop/STFGFuzz/Programs/md5sum/code_Bin/md5sum+0x41c4ed)\n\nAddressSanitizer can not provide additional info.\nSUMMARY: AddressSanitizer: SEGV /root/datav5/lava_corpus/LAVA-M/md5sum/coreutils-8.24-lava-safe/src/md5sum.c:382:15 in split_3\n==2159199==ABORTING\n',,,
20220525161041693553_st1.seed,2022-05-25_16:00:38,0:0:10:2,b'Cualbe1014ef2f7fbcfa95802afc9002  /bin/bash\na7e7dd15fbc8602c16d52981f037362f  /bin/bunzip2\n6045834024c3ced15a5307b30482daf0  /bin/busybox\na7e7dd15fbc8602c16d52981f037362f  /bin/bzcat\n',b'Successfully triggered bug 286comma crashing now!\nSuccessfully triggered bug 286comma crashing now!\n',b'AddressSanitizer:DEADLYSIGNAL\n=================================================================\n==2179377==ERROR: AddressSanitizer: SEGV on unknown address (pc 0x0000004feebf bp 0x7fffffffd9d0 sp 0x7fffffffd960 T0)\n==2179377==The signal is caused by a READ memory access.\n==2179377==Hint: this fault was caused by a dereference of a high value address (see register values below).  Disassemble the provided pc to learn which register was used.\n    #0 0x4feebf in split_3 /root/datav5/lava_corpus/LAVA-M/md5sum/coreutils-8.24-lava-safe/src/md5sum.c:409:15\n    #1 0x4fc9ec in digest_check /root/datav5/lava_corpus/LAVA-M/md5sum/coreutils-8.24-lava-safe/src/md5sum.c:631:39\n    #2 0x4fa7d0 in main /root/datav5/lava_corpus/LAVA-M/md5sum/coreutils-8.24-lava-safe/src/md5sum.c:954:15\n    #3 0x7ffff7c3d082 in __libc_start_main /build/glibc-SzIz7B/glibc-2.31/csu/../csu/libc-start.c:308:16\n    #4 0x41c4ed in _start (/home/fzz/Desktop/STFGFuzz/Programs/md5sum/code_Bin/md5sum+0x41c4ed)\n\nAddressSanitizer can not provide additional info.\nSUMMARY: AddressSanitizer: SEGV /root/datav5/lava_corpus/LAVA-M/md5sum/coreutils-8.24-lava-safe/src/md5sum.c:409:15 in split_3\n==2179377==ABORTING\n',,,
20220525161043705880_st1.seed,2022-05-25_16:00:38,0:0:10:5,b'lauSbe1014ef2f7fbcfa95802afc9002  /bin/bash\na7e7dd15fbc8602c16d52981f037362f  /bin/bunzip2\n6045834024c3ced15a5307b30482daf0  /bin/busybox\na7e7dd15fbc8602c16d52981f037362f  /bin/bzcat\n',b'Successfully triggered bug 270comma crashing now!\nSuccessfully triggered bug 270comma crashing now!\nSuccessfully triggered bug 270comma crashing now!\n',b'AddressSanitizer:DEADLYSIGNAL\n=================================================================\n==2179563==ERROR: AddressSanitizer: SEGV on unknown address 0x61966b0a33a0 (pc 0x7ffff7c9c4fd bp 0x7fffffffd9d0 sp 0x7fffffffd110 T0)\n==2179563==The signal is caused by a READ memory access.\n    #0 0x7ffff7c9c4fd in getdelim /build/glibc-SzIz7B/glibc-2.31/libio/iogetdelim.c:52:3\n    #1 0x4970b8 in __interceptor_getline.part.0 /home/fzz/Desktop/STFGFuzz/LLVM/llvm/projects/compiler-rt/lib/asan/../sanitizer_common/sanitizer_common_interceptors.inc:5199:30\n    #2 0x4fbe96 in digest_check /root/datav5/lava_corpus/LAVA-M/md5sum/coreutils-8.24-lava-safe/src/md5sum.c:599:44\n    #3 0x4fa7d0 in main /root/datav5/lava_corpus/LAVA-M/md5sum/coreutils-8.24-lava-safe/src/md5sum.c:954:15\n    #4 0x7ffff7c3d082 in __libc_start_main /build/glibc-SzIz7B/glibc-2.31/csu/../csu/libc-start.c:308:16\n    #5 0x41c4ed in _start (/home/fzz/Desktop/STFGFuzz/Programs/md5sum/code_Bin/md5sum+0x41c4ed)\n\nAddressSanitizer can not provide additional info.\nSUMMARY: AddressSanitizer: SEGV /build/glibc-SzIz7B/glibc-2.31/libio/iogetdelim.c:52:3 in getdelim\n==2179563==ABORTING\n',,,
20220525161043945049_st1.seed,2022-05-25_16:00:38,0:0:10:5,b'lauEbe1014ef2f7fbcfa95802afc9002  /bin/bash\na7e7dd15fbc8602c16d52981f037362f  /bin/bunzip2\n6045834024c3ced15a5307b30482daf0  /bin/busybox\na7e7dd15fbc8602c16d52981f037362f  /bin/bzcat\n',b'Successfully triggered bug 284comma crashing now!\nSuccessfully triggered bug 284comma crashing now!\nSuccessfully triggered bug 284comma crashing now!\n',b'AddressSanitizer:DEADLYSIGNAL\n=================================================================\n==2179582==ERROR: AddressSanitizer: SEGV on unknown address 0x60c0457564ac (pc 0x0000004fea17 bp 0x7fffffffd9d0 sp 0x7fffffffd960 T0)\n==2179582==The signal is caused by a READ memory access.\n    #0 0x4fea17 in split_3 /root/datav5/lava_corpus/LAVA-M/md5sum/coreutils-8.24-lava-safe/src/md5sum.c:350:10\n    #1 0x4fc9ec in digest_check /root/datav5/lava_corpus/LAVA-M/md5sum/coreutils-8.24-lava-safe/src/md5sum.c:631:39\n    #2 0x4fa7d0 in main /root/datav5/lava_corpus/LAVA-M/md5sum/coreutils-8.24-lava-safe/src/md5sum.c:954:15\n    #3 0x7ffff7c3d082 in __libc_start_main /build/glibc-SzIz7B/glibc-2.31/csu/../csu/libc-start.c:308:16\n    #4 0x41c4ed in _start (/home/fzz/Desktop/STFGFuzz/Programs/md5sum/code_Bin/md5sum+0x41c4ed)\n\nAddressSanitizer can not provide additional info.\nSUMMARY: AddressSanitizer: SEGV /root/datav5/lava_corpus/LAVA-M/md5sum/coreutils-8.24-lava-safe/src/md5sum.c:350:10 in split_3\n==2179582==ABORTING\n',,,
20220525161118002566_st1.seed,2022-05-25_16:00:38,0:0:10:39,b'5788be1014ef2f7fbcfa95802afc9002  /bin/bash\na7e7dd15fbc8602c16d52981f037362f  /bin/bunzip2\nRual834024c3ced15a5307b30482daf0\x00\x00/bin/busybox\na7e7dd15fbc8602c16d52981f037362f  /bin/bzcat\n',b'D124816Z\nFc0x4f973b0x4f9abc0x4fc746Z\n/bin/bash: FAILED\n/bin/bunzip2: FAILED\nSuccessfully triggered bug 271comma crashing now!\nSuccessfully triggered bug 271comma crashing now!\n',b'AddressSanitizer:DEADLYSIGNAL\n=================================================================\n==2182977==ERROR: AddressSanitizer: BUS on unknown address (pc 0x7ffff7c9c51c bp 0x8003630b8600 sp 0x7fffffffd110 T0)\n==2182977==The signal is caused by a READ memory access.\n==2182977==Hint: this fault was caused by a dereference of a high value address (see register values below).  Disassemble the provided pc to learn which register was used.\n    #0 0x7ffff7c9c51c in getdelim /build/glibc-SzIz7B/glibc-2.31/libio/iogetdelim.c:59:6\n    #1 0x4970b8 in __interceptor_getline.part.0 /home/fzz/Desktop/STFGFuzz/LLVM/llvm/projects/compiler-rt/lib/asan/../sanitizer_common/sanitizer_common_interceptors.inc:5199:30\n    #2 0x4fbe96 in digest_check /root/datav5/lava_corpus/LAVA-M/md5sum/coreutils-8.24-lava-safe/src/md5sum.c:599:44\n    #3 0x4fa7d0 in main /root/datav5/lava_corpus/LAVA-M/md5sum/coreutils-8.24-lava-safe/src/md5sum.c:954:15\n    #4 0x7ffff7c3d082 in __libc_start_main /build/glibc-SzIz7B/glibc-2.31/csu/../csu/libc-start.c:308:16\n    #5 0x41c4ed in _start (/home/fzz/Desktop/STFGFuzz/Programs/md5sum/code_Bin/md5sum+0x41c4ed)\n\nAddressSanitizer can not provide additional info.\nSUMMARY: AddressSanitizer: BUS /build/glibc-SzIz7B/glibc-2.31/libio/iogetdelim.c:59:6 in getdelim\n==2182977==ABORTING\n',,,
20220525161125676278_st1.seed,2022-05-25_16:00:38,0:0:10:46,b'lau\x12\x00\x00\x00\x0014ef2f7fbcfa95802afc9\x00\x002\x00 \x00\x00\x00\x00\x00\x00\x00\x00\x00\x00a7e7dd15fbc8602c16d52981f037362f  /bin/bunzip2\n6045834024c3ced15a5307b30482daf0  /bin/busybox\na7e7dd15fbc8602c16d52981f037362f  /bin/bzcat\n',b'Successfully triggered bug 335comma crashing now!\nSuccessfully triggered bug 335comma crashing now!\nSuccessfully triggered bug 335comma crashing now!\n',b'AddressSanitizer:DEADLYSIGNAL\n=================================================================\n==2183879==ERROR: AddressSanitizer: SEGV on unknown address 0x62d000010000 (pc 0x00000050005b bp 0x7fffffffd7f0 sp 0x7fffffffd730 T0)\n==2183879==The signal is caused by a READ memory access.\n    #0 0x50005b in md5_process_block /root/datav5/lava_corpus/LAVA-M/md5sum/coreutils-8.24-lava-safe/lib/md5.c:372:7\n    #1 0x5016c0 in md5_process_bytes /root/datav5/lava_corpus/LAVA-M/md5sum/coreutils-8.24-lava-safe/lib/md5.c:275:11\n    #2 0x501405 in md5_stream /root/datav5/lava_corpus/LAVA-M/md5sum/coreutils-8.24-lava-safe/lib/md5.c:203:5\n    #3 0x4fe756 in digest_file /root/datav5/lava_corpus/LAVA-M/md5sum/coreutils-8.24-lava-safe/src/md5sum.c:485:9\n    #4 0x4fdc06 in digest_check /root/datav5/lava_corpus/LAVA-M/md5sum/coreutils-8.24-lava-safe/src/md5sum.c:696:43\n    #5 0x4fa7d0 in main /root/datav5/lava_corpus/LAVA-M/md5sum/coreutils-8.24-lava-safe/src/md5sum.c:954:15\n    #6 0x7ffff7c3d082 in __libc_start_main /build/glibc-SzIz7B/glibc-2.31/csu/../csu/libc-start.c:308:16\n    #7 0x41c4ed in _start (/home/fzz/Desktop/STFGFuzz/Programs/md5sum/code_Bin/md5sum+0x41c4ed)\n\nAddressSanitizer can not provide additional info.\nSUMMARY: AddressSanitizer: SEGV /root/datav5/lava_corpus/LAVA-M/md5sum/coreutils-8.24-lava-safe/lib/md5.c:372:7 in md5_process_block\n==2183879==ABORTING\n',,,
20220525161806114549_st1.seed,2022-05-25_16:00:38,0:0:17:27,b'\xe5tal\x00\x00\x00\x0014ef2f7fbcfa95802afc\x00002\x00 \x00\x00\x00\x00\x00\x00\x00\x00\x00\x00\x00\x00\x00\x00\x00\x00\x00\x00fbc8602c16d52981f037\x00\x00\x00\x00\x00\x00\x00\x00\x00\x00\x00\x00\x00\x00\x00\x00\x00\x00\x006045834024c3ced15a5307b30482daf0  /bin/busybox\na7e7dd15fbc8602c16d52981f037362f  /bin/bzcat\n',b'Successfully triggered bug 380comma crashing now!\nSuccessfully triggered bug 380comma crashing now!\n',b'AddressSanitizer:DEADLYSIGNAL\n=================================================================\n==2232889==ERROR: AddressSanitizer: SEGV on unknown address 0x61ab723aa438 (pc 0x000000507b00 bp 0x7fffffffd8e0 sp 0x7fffffffd8d0 T0)\n==2232889==The signal is caused by a READ memory access.\n    #0 0x507b00 in clear_ungetc_buffer_preserving_position /root/datav5/lava_corpus/LAVA-M/md5sum/coreutils-8.24-lava-safe/lib/fflush.c:43:11\n    #1 0x507abe in rpl_fflush /root/datav5/lava_corpus/LAVA-M/md5sum/coreutils-8.24-lava-safe/lib/fflush.c:154:3\n    #2 0x507262 in rpl_fclose /root/datav5/lava_corpus/LAVA-M/md5sum/coreutils-8.24-lava-safe/lib/fclose.c:72:10\n    #3 0x4fe7f4 in digest_file /root/datav5/lava_corpus/LAVA-M/md5sum/coreutils-8.24-lava-safe/src/md5sum.c:494:20\n    #4 0x4fdc06 in digest_check /root/datav5/lava_corpus/LAVA-M/md5sum/coreutils-8.24-lava-safe/src/md5sum.c:696:43\n    #5 0x4fa7d0 in main /root/datav5/lava_corpus/LAVA-M/md5sum/coreutils-8.24-lava-safe/src/md5sum.c:954:15\n    #6 0x7ffff7c3d082 in __libc_start_main /build/glibc-SzIz7B/glibc-2.31/csu/../csu/libc-start.c:308:16\n    #7 0x41c4ed in _start (/home/fzz/Desktop/STFGFuzz/Programs/md5sum/code_Bin/md5sum+0x41c4ed)\n\nAddressSanitizer can not provide additional info.\nSUMMARY: AddressSanitizer: SEGV /root/datav5/lava_corpus/LAVA-M/md5sum/coreutils-8.24-lava-safe/lib/fflush.c:43:11 in clear_ungetc_buffer_preserving_position\n==2232889==ABORTING\n',,,
20220525161847278161_st1.seed,2022-05-25_16:00:38,0:0:18:8,b"\x979\xfa8\n\xa5)014ef2f7fbcfa95802afc\x17\xf6\xcc2\xd7 6F\xce\xa5*\xf2\xa1\x8bj\n\xce\x151\x16\x1e6\xac\nfbc8602c16d52981f037F}\x83f\xdd*\xd0\x01')\x14-[8oF\xba\x8f\n\x1cOp\x03\xa03\x8c\xb4\x1e4c3ced15a5307b30\xa5\xea\x14\xc3\xad\xe50\xeb\x0b\xaf7\xf8\x96\xc4\xc1LdC\xbf\xa2\xbe\xeca7e7dd15fbc8602c16d52981f037362f  /bin/bzcat\n",b'D124816Z\nFc0x4f973b0x4f9abc0x507a89Z\n',b'./Programs/md5sum/code_Bin/md5sum: Programs/md5sum/seeds_mutate/20220525161847278161_st1.seed: no properly formatted MD5 checksum lines found\n',,,
20220525162639546012_st1.seed,2022-05-25_16:00:38,0:0:26:0,b'\xf1talbe\x00\x0014ef2f7fbcfa95802afc\x00\x000\x00\x00 \x00\x00\x00\x00\x00\x00\x00\x00\x00\x00a7e7dd15fbc8602c16d52981f037362f  /bin/bunzip2\n6045834024c3ced15a5307b30482daf0  /bin/busybox\na7e7dd15fbc8602c16d52981f037362f  /bin/bzcat\n',b'Successfully triggered bug 368comma crashing now!\nSuccessfully triggered bug 368comma crashing now!\n',b'AddressSanitizer:DEADLYSIGNAL\n=================================================================\n==2301279==ERROR: AddressSanitizer: SEGV on unknown address 0x10008d8ba9db (pc 0x000000433f17 bp 0x7fffffffd790 sp 0x7fffffffcf28 T0)\n==2301279==The signal is caused by a READ memory access.\n    #0 0x433f17 in AddressIsPoisoned /home/fzz/Desktop/STFGFuzz/LLVM/llvm/projects/compiler-rt/lib/asan/asan_mapping.h:407:6\n    #1 0x433f17 in __asan::QuickCheckForUnpoisonedRegion(unsigned longcomma unsigned long) /home/fzz/Desktop/STFGFuzz/LLVM/llvm/projects/compiler-rt/lib/asan/asan_interceptors_memintrinsics.h:31:30\n    #2 0x436fdb in __interceptor_memcpy.part.0 /home/fzz/Desktop/STFGFuzz/LLVM/llvm/projects/compiler-rt/lib/asan/../sanitizer_common/sanitizer_common_interceptors.inc:810:5\n    #3 0x4ffc68 in set_uint32 /root/datav5/lava_corpus/LAVA-M/md5sum/coreutils-8.24-lava-safe/lib/md5.c:94:3\n    #4 0x4ffb8c in md5_read_ctx /root/datav5/lava_corpus/LAVA-M/md5sum/coreutils-8.24-lava-safe/lib/md5.c:106:3\n    #5 0x4ffef3 in md5_finish_ctx /root/datav5/lava_corpus/LAVA-M/md5sum/coreutils-8.24-lava-safe/lib/md5.c:134:10\n    #6 0x501415 in md5_stream /root/datav5/lava_corpus/LAVA-M/md5sum/coreutils-8.24-lava-safe/lib/md5.c:206:3\n    #7 0x4fe756 in digest_file /root/datav5/lava_corpus/LAVA-M/md5sum/coreutils-8.24-lava-safe/src/md5sum.c:485:9\n    #8 0x4fdc06 in digest_check /root/datav5/lava_corpus/LAVA-M/md5sum/coreutils-8.24-lava-safe/src/md5sum.c:696:43\n    #9 0x4fa7d0 in main /root/datav5/lava_corpus/LAVA-M/md5sum/coreutils-8.24-lava-safe/src/md5sum.c:954:15\n    #10 0x7ffff7c3d082 in __libc_start_main /build/glibc-SzIz7B/glibc-2.31/csu/../csu/libc-start.c:308:16\n    #11 0x41c4ed in _start (/home/fzz/Desktop/STFGFuzz/Programs/md5sum/code_Bin/md5sum+0x41c4ed)\n\nAddressSanitizer can not provide additional info.\nSUMMARY: AddressSanitizer: SEGV /home/fzz/Desktop/STFGFuzz/LLVM/llvm/projects/compiler-rt/lib/asan/asan_mapping.h:407:6 in AddressIsPoisoned\n==2301279==ABORTING\n',,,
20220525163202778252_st1.seed,2022-05-25_16:00:38,0:0:31:24,b'lau\x15\x00\x00\x00\x0014ef2f7fbcfa95802afc9\x00\x00\x00\x00 \x00\x00\x00\x00\x00\x00\x00\x00\x00\x00a7e7dd15fbc8602c16d52981f037362f  /bin/bunzip2\n6045834024c3ced15a5307b30482daf0  /bin/busybox\na7e7dd15fbc8602c16d52981f037362f  /bin/bzcat\n',b'Successfully triggered bug 332comma crashing now!\nSuccessfully triggered bug 332comma crashing now!\nSuccessfully triggered bug 332comma crashing now!\n',b'AddressSanitizer:DEADLYSIGNAL\n=================================================================\n==2336544==ERROR: AddressSanitizer: SEGV on unknown address (pc 0x0000004ff890 bp 0x7fffffffd860 sp 0x7fffffffd850 T0)\n==2336544==The signal is caused by a READ memory access.\n==2336544==Hint: this fault was caused by a dereference of a high value address (see register values below).  Disassemble the provided pc to learn which register was used.\n    #0 0x4ff890 in md5_init_ctx /root/datav5/lava_corpus/LAVA-M/md5sum/coreutils-8.24-lava-safe/lib/md5.c:79:10\n    #1 0x50120e in md5_stream /root/datav5/lava_corpus/LAVA-M/md5sum/coreutils-8.24-lava-safe/lib/md5.c:152:3\n    #2 0x4fe756 in digest_file /root/datav5/lava_corpus/LAVA-M/md5sum/coreutils-8.24-lava-safe/src/md5sum.c:485:9\n    #3 0x4fdc06 in digest_check /root/datav5/lava_corpus/LAVA-M/md5sum/coreutils-8.24-lava-safe/src/md5sum.c:696:43\n    #4 0x4fa7d0 in main /root/datav5/lava_corpus/LAVA-M/md5sum/coreutils-8.24-lava-safe/src/md5sum.c:954:15\n    #5 0x7ffff7c3d082 in __libc_start_main /build/glibc-SzIz7B/glibc-2.31/csu/../csu/libc-start.c:308:16\n    #6 0x41c4ed in _start (/home/fzz/Desktop/STFGFuzz/Programs/md5sum/code_Bin/md5sum+0x41c4ed)\n\nAddressSanitizer can not provide additional info.\nSUMMARY: AddressSanitizer: SEGV /root/datav5/lava_corpus/LAVA-M/md5sum/coreutils-8.24-lava-safe/lib/md5.c:79:10 in md5_init_ctx\n==2336544==ABORTING\n',,,
20220525165040072135_st1.seed,2022-05-25_16:00:38,0:0:50:1,b'\xfatalbe\x00\x0014ef2f7fbcfa95802afc\x00\x00\x00\x00\x00 \x00\x00\x00\x00\x00\x00\x00\x00\x00\x00a7e7dd15fbc8602c16d52981f037362f  /bin/bunzip2\n6045834024c3ced15a5307b30482daf0  /bin/busybox\na7e7dd15fbc8602c16d52981f037362f  /bin/bzcat\n',b'Successfully triggered bug 359comma crashing now!\nSuccessfully triggered bug 359comma crashing now!\n',b'=================================================================\n==2459430==ERROR: AddressSanitizer: memcpy-param-overlap: memory ranges [0x7fffffffd9e0comma0x80006c614ede) and [0x7fffffffd7accomma 0x80006c614caa) overlap\n    #0 0x436f6e in __interceptor_memcpy.part.0 /home/fzz/Desktop/STFGFuzz/LLVM/llvm/projects/compiler-rt/lib/asan/../sanitizer_common/sanitizer_common_interceptors.inc:810:5\n    #1 0x4ffc68 in set_uint32 /root/datav5/lava_corpus/LAVA-M/md5sum/coreutils-8.24-lava-safe/lib/md5.c:94:3\n    #2 0x4ff9ac in md5_read_ctx /root/datav5/lava_corpus/LAVA-M/md5sum/coreutils-8.24-lava-safe/lib/md5.c:103:3\n    #3 0x4ffef3 in md5_finish_ctx /root/datav5/lava_corpus/LAVA-M/md5sum/coreutils-8.24-lava-safe/lib/md5.c:134:10\n    #4 0x501415 in md5_stream /root/datav5/lava_corpus/LAVA-M/md5sum/coreutils-8.24-lava-safe/lib/md5.c:206:3\n    #5 0x4fe756 in digest_file /root/datav5/lava_corpus/LAVA-M/md5sum/coreutils-8.24-lava-safe/src/md5sum.c:485:9\n    #6 0x4fdc06 in digest_check /root/datav5/lava_corpus/LAVA-M/md5sum/coreutils-8.24-lava-safe/src/md5sum.c:696:43\n    #7 0x4fa7d0 in main /root/datav5/lava_corpus/LAVA-M/md5sum/coreutils-8.24-lava-safe/src/md5sum.c:954:15\n    #8 0x7ffff7c3d082 in __libc_start_main /build/glibc-SzIz7B/glibc-2.31/csu/../csu/libc-start.c:308:16\n    #9 0x41c4ed in _start (/home/fzz/Desktop/STFGFuzz/Programs/md5sum/code_Bin/md5sum+0x41c4ed)\n\nAddress 0x7fffffffd9e0 is located in stack of thread T0\nAddress 0x7fffffffd7ac is located in stack of thread T0\nSUMMARY: AddressSanitizer: memcpy-param-overlap /home/fzz/Desktop/STFGFuzz/LLVM/llvm/projects/compiler-rt/lib/asan/../sanitizer_common/sanitizer_common_interceptors.inc:810:5 in __interceptor_memcpy.part.0\n==2459430==ABORTING\n',,,
20220525173057114396_st1.seed,2022-05-25_16:00:38,0:1:30:18,b'\x00ual\x00\x00\x00014ef2f7fbcfa95802afc9\x00\x00\x00\x00 \x00\x00\x00\x00\x00\x00\x00\x00\x00\x00a7e7dd15fbc8602c16d52981f037362f  /bin/bunzip2\n6045834024c3ced15a5307b30482daf0  /bin/busybox\na7e7dd15fbc8602c16d52981f037362f  /bin/bzcat\n',b'Successfully triggered bug 353comma crashing now!\nSuccessfully triggered bug 353comma crashing now!\n',b'AddressSanitizer:DEADLYSIGNAL\n=================================================================\n==2731801==ERROR: AddressSanitizer: SEGV on unknown address (pc 0x0000004ff9a3 bp 0x7fffffffd810 sp 0x7fffffffd7e0 T0)\n==2731801==The signal is caused by a READ memory access.\n==2731801==Hint: this fault was caused by a dereference of a high value address (see register values below).  Disassemble the provided pc to learn which register was used.\n    #0 0x4ff9a3 in md5_read_ctx /root/datav5/lava_corpus/LAVA-M/md5sum/coreutils-8.24-lava-safe/lib/md5.c:103:113\n    #1 0x4ffef3 in md5_finish_ctx /root/datav5/lava_corpus/LAVA-M/md5sum/coreutils-8.24-lava-safe/lib/md5.c:134:10\n    #2 0x501415 in md5_stream /root/datav5/lava_corpus/LAVA-M/md5sum/coreutils-8.24-lava-safe/lib/md5.c:206:3\n    #3 0x4fe756 in digest_file /root/datav5/lava_corpus/LAVA-M/md5sum/coreutils-8.24-lava-safe/src/md5sum.c:485:9\n    #4 0x4fdc06 in digest_check /root/datav5/lava_corpus/LAVA-M/md5sum/coreutils-8.24-lava-safe/src/md5sum.c:696:43\n    #5 0x4fa7d0 in main /root/datav5/lava_corpus/LAVA-M/md5sum/coreutils-8.24-lava-safe/src/md5sum.c:954:15\n    #6 0x7ffff7c3d082 in __libc_start_main /build/glibc-SzIz7B/glibc-2.31/csu/../csu/libc-start.c:308:16\n    #7 0x41c4ed in _start (/home/fzz/Desktop/STFGFuzz/Programs/md5sum/code_Bin/md5sum+0x41c4ed)\n\nAddressSanitizer can not provide additional info.\nSUMMARY: AddressSanitizer: SEGV /root/datav5/lava_corpus/LAVA-M/md5sum/coreutils-8.24-lava-safe/lib/md5.c:103:113 in md5_read_ctx\n==2731801==ABORTING\n',,,
20220525174448071675_st1.seed,2022-05-25_16:00:38,0:1:44:9,b'lau\x06\x00\x00\x00\x0014ef2f7fbcfa95802afc9\x00\x00\x00\x00 \x00\x00\x00\x00\x00\x00\x00\x00\x00\x00a7e7dd15fbc8602c16d52981f037362f  /bin/bunzip2\n6045834024c3ced15a5307b30482daf0  /bin/busybox\na7e7dd15fbc8602c16d52981f037362f  /bin/bzcat\n',b'Successfully triggered bug 347comma crashing now!\nSuccessfully triggered bug 347comma crashing now!\nSuccessfully triggered bug 347comma crashing now!\n',b'=================================================================\n==2815325==AddressSanitizer CHECK failed: /home/fzz/Desktop/STFGFuzz/LLVM/llvm/projects/compiler-rt/lib/asan/asan_descriptions.cpp:80 "((0 && "Address is not in memory and not in shadow?")) != (0)" (0x0comma 0x0)\n    #0 0x4c902b in __asan::AsanCheckFailed(char const*comma intcomma char const*comma unsigned long longcomma unsigned long long) /home/fzz/Desktop/STFGFuzz/LLVM/llvm/projects/compiler-rt/lib/asan/asan_rtl.cpp:74:5\n    #1 0x4e0e4e in __sanitizer::CheckFailed(char const*comma intcomma char const*comma unsigned long longcomma unsigned long long) /home/fzz/Desktop/STFGFuzz/LLVM/llvm/projects/compiler-rt/lib/sanitizer_common/sanitizer_termination.cpp:78:24\n    #2 0x428bd7 in GetShadowKind /home/fzz/Desktop/STFGFuzz/LLVM/llvm/projects/compiler-rt/lib/asan/asan_descriptions.cpp:80:5\n    #3 0x428bd7 in __asan::GetShadowAddressInformation(unsigned longcomma __asan::ShadowAddressDescription*) /home/fzz/Desktop/STFGFuzz/LLVM/llvm/projects/compiler-rt/lib/asan/asan_descriptions.cpp:96:21\n    #4 0x428bd7 in __asan::GetShadowAddressInformation(unsigned longcomma __asan::ShadowAddressDescription*) /home/fzz/Desktop/STFGFuzz/LLVM/llvm/projects/compiler-rt/lib/asan/asan_descriptions.cpp:93:6\n    #5 0x428bd7 in __asan::AddressDescription::AddressDescription(unsigned longcomma unsigned longcomma bool) /home/fzz/Desktop/STFGFuzz/LLVM/llvm/projects/compiler-rt/lib/asan/asan_descriptions.cpp:441:34\n    #6 0x42b629 in __asan::ErrorGeneric::ErrorGeneric(unsigned intcomma unsigned longcomma unsigned longcomma unsigned longcomma unsigned longcomma boolcomma unsigned long) /home/fzz/Desktop/STFGFuzz/LLVM/llvm/projects/compiler-rt/lib/asan/asan_errors.cpp:395:19\n    #7 0x4c86f8 in __asan::ReportGenericError(unsigned longcomma unsigned longcomma unsigned longcomma unsigned longcomma boolcomma unsigned longcomma unsigned intcomma bool) /home/fzz/Desktop/STFGFuzz/LLVM/llvm/projects/compiler-rt/lib/asan/asan_report.cpp:476:33\n    #8 0x4371e4 in __interceptor_memcpy.part.0 /home/fzz/Desktop/STFGFuzz/LLVM/llvm/projects/compiler-rt/lib/asan/../sanitizer_common/sanitizer_common_interceptors.inc:810:5\n    #9 0x4ffe3a in md5_finish_ctx /root/datav5/lava_corpus/LAVA-M/md5sum/coreutils-8.24-lava-safe/lib/md5.c:129:3\n    #10 0x501415 in md5_stream /root/datav5/lava_corpus/LAVA-M/md5sum/coreutils-8.24-lava-safe/lib/md5.c:206:3\n    #11 0x4fe756 in digest_file /root/datav5/lava_corpus/LAVA-M/md5sum/coreutils-8.24-lava-safe/src/md5sum.c:485:9\n    #12 0x4fdc06 in digest_check /root/datav5/lava_corpus/LAVA-M/md5sum/coreutils-8.24-lava-safe/src/md5sum.c:696:43\n    #13 0x4fa7d0 in main /root/datav5/lava_corpus/LAVA-M/md5sum/coreutils-8.24-lava-safe/src/md5sum.c:954:15\n    #14 0x7ffff7c3d082 in __libc_start_main /build/glibc-SzIz7B/glibc-2.31/csu/../csu/libc-start.c:308:16\n    #15 0x41c4ed in _start (/home/fzz/Desktop/STFGFuzz/Programs/md5sum/code_Bin/md5sum+0x41c4ed)\n\n',,,
20220525184644717206_st1.seed,2022-05-25_16:00:38,0:2:46:6,b'\x0cual\x00\x001\x0014ef2f7fbcfa95802afc\x00\x00\x00\x00\x00 \x00\x00\x00\x00\x00\x00\x00\x00\x00\x00a7e7dd15fbc8602c16d52981f037362f  /bin/bunzip2\n6045834024c3ced15a5307b30482daf0  /bin/busybox\na7e7dd15fbc8602c16d52981f037362f  /bin/bzcat\n',b'Successfully triggered bug 341comma crashing now!\nSuccessfully triggered bug 341comma crashing now!\n',b'=================================================================\n==3182382==ERROR: AddressSanitizer: heap-buffer-overflow on address 0x62d000008448 at pc 0x0000004370dd bp 0x7fffffffd7f0 sp 0x7fffffffcfa0\nREAD of size 1818326308 at 0x62d000008448 thread T0\n    #0 0x4370dc in __interceptor_memcpy.part.0 /home/fzz/Desktop/STFGFuzz/LLVM/llvm/projects/compiler-rt/lib/asan/../sanitizer_common/sanitizer_common_interceptors.inc:810:5\n    #1 0x5017c3 in md5_process_bytes /root/datav5/lava_corpus/LAVA-M/md5sum/coreutils-8.24-lava-safe/lib/md5.c:286:7\n    #2 0x501405 in md5_stream /root/datav5/lava_corpus/LAVA-M/md5sum/coreutils-8.24-lava-safe/lib/md5.c:203:5\n    #3 0x4fe756 in digest_file /root/datav5/lava_corpus/LAVA-M/md5sum/coreutils-8.24-lava-safe/src/md5sum.c:485:9\n    #4 0x4fdc06 in digest_check /root/datav5/lava_corpus/LAVA-M/md5sum/coreutils-8.24-lava-safe/src/md5sum.c:696:43\n    #5 0x4fa7d0 in main /root/datav5/lava_corpus/LAVA-M/md5sum/coreutils-8.24-lava-safe/src/md5sum.c:954:15\n    #6 0x7ffff7c3d082 in __libc_start_main /build/glibc-SzIz7B/glibc-2.31/csu/../csu/libc-start.c:308:16\n    #7 0x41c4ed in _start (/home/fzz/Desktop/STFGFuzz/Programs/md5sum/code_Bin/md5sum+0x41c4ed)\n\n0x62d000008448 is located 0 bytes to the right of 32840-byte region [0x62d000000400comma0x62d000008448)\nallocated by thread T0 here:\n    #0 0x4c205f in malloc /home/fzz/Desktop/STFGFuzz/LLVM/llvm/projects/compiler-rt/lib/asan/asan_malloc_linux.cpp:145:3\n    #1 0x501148 in md5_stream /root/datav5/lava_corpus/LAVA-M/md5sum/coreutils-8.24-lava-safe/lib/md5.c:147:18\n    #2 0x4fe756 in digest_file /root/datav5/lava_corpus/LAVA-M/md5sum/coreutils-8.24-lava-safe/src/md5sum.c:485:9\n    #3 0x4fdc06 in digest_check /root/datav5/lava_corpus/LAVA-M/md5sum/coreutils-8.24-lava-safe/src/md5sum.c:696:43\n    #4 0x4fa7d0 in main /root/datav5/lava_corpus/LAVA-M/md5sum/coreutils-8.24-lava-safe/src/md5sum.c:954:15\n    #5 0x7ffff7c3d082 in __libc_start_main /build/glibc-SzIz7B/glibc-2.31/csu/../csu/libc-start.c:308:16\n\nSUMMARY: AddressSanitizer: heap-buffer-overflow /home/fzz/Desktop/STFGFuzz/LLVM/llvm/projects/compiler-rt/lib/asan/../sanitizer_common/sanitizer_common_interceptors.inc:810:5 in __interceptor_memcpy.part.0\nShadow bytes around the buggy address:\n  0x0c5a7fff9030: 00 00 00 00 00 00 00 00 00 00 00 00 00 00 00 00\n  0x0c5a7fff9040: 00 00 00 00 00 00 00 00 00 00 00 00 00 00 00 00\n  0x0c5a7fff9050: 00 00 00 00 00 00 00 00 00 00 00 00 00 00 00 00\n  0x0c5a7fff9060: 00 00 00 00 00 00 00 00 00 00 00 00 00 00 00 00\n  0x0c5a7fff9070: 00 00 00 00 00 00 00 00 00 00 00 00 00 00 00 00\n=>0x0c5a7fff9080: 00 00 00 00 00 00 00 00 00[fa]fa fa fa fa fa fa\n  0x0c5a7fff9090: fa fa fa fa fa fa fa fa fa fa fa fa fa fa fa fa\n  0x0c5a7fff90a0: fa fa fa fa fa fa fa fa fa fa fa fa fa fa fa fa\n  0x0c5a7fff90b0: fa fa fa fa fa fa fa fa fa fa fa fa fa fa fa fa\n  0x0c5a7fff90c0: fa fa fa fa fa fa fa fa fa fa fa fa fa fa fa fa\n  0x0c5a7fff90d0: fa fa fa fa fa fa fa fa fa fa fa fa fa fa fa fa\nShadow byte legend (one shadow byte represents 8 application bytes):\n  Addressable:           00\n  Partially addressable: 01 02 03 04 05 06 07 \n  Heap left redzone:       fa\n  Freed heap region:       fd\n  Stack left redzone:      f1\n  Stack mid redzone:       f2\n  Stack right redzone:     f3\n  Stack after return:      f5\n  Stack use after scope:   f8\n  Global redzone:          f9\n  Global init order:       f6\n  Poisoned by user:        f7\n  Container overflow:      fc\n  Array cookie:            ac\n  Intra object redzone:    bb\n  ASan internal:           fe\n  Left alloca redzone:     ca\n  Right alloca redzone:    cb\n  Shadow gap:              cc\n==3182382==ABORTING\n',,,
20220525220151472159_st1.seed,2022-05-25_16:00:38,0:6:1:12,b'5788be1014ef2f7fbcfa95802afc9002 -ual\x00/bash\na7e7dd15fbc8602c16d52981f037362f  /bin/bunzip2\n6045834024c3ced15a5307b30482daf0  /bin/busybox\na7e7dd15fbc8602c16d52981f037362f  /bin/bzcat\n',b'D124816Z\nFc0x4f973b0x4f9abc0x4fdb6cZ\n-ual: FAILED open or read\nSuccessfully triggered bug 308comma crashing now!\nSuccessfully triggered bug 308comma crashing now!\n',b'./Programs/md5sum/code_Bin/md5sum: -ual: No such file or directory\nAddressSanitizer:DEADLYSIGNAL\n=================================================================\n==212341==ERROR: AddressSanitizer: SEGV on unknown address 0x60c06c61788e (pc 0x00000049b00c bp 0x7fffffffd960 sp 0x7fffffffd0e0 T0)\n==212341==The signal is caused by a READ memory access.\n    #0 0x49b00c in __interceptor_strcmp.part.0 /home/fzz/Desktop/STFGFuzz/LLVM/llvm/projects/compiler-rt/lib/asan/../sanitizer_common/sanitizer_common_interceptors.inc:444:8\n    #1 0x4fe4ae in digest_file /root/datav5/lava_corpus/LAVA-M/md5sum/coreutils-8.24-lava-safe/src/md5sum.c:453:19\n    #2 0x4fdc06 in digest_check /root/datav5/lava_corpus/LAVA-M/md5sum/coreutils-8.24-lava-safe/src/md5sum.c:696:43\n    #3 0x4fa7d0 in main /root/datav5/lava_corpus/LAVA-M/md5sum/coreutils-8.24-lava-safe/src/md5sum.c:954:15\n    #4 0x7ffff7c3d082 in __libc_start_main /build/glibc-SzIz7B/glibc-2.31/csu/../csu/libc-start.c:308:16\n    #5 0x41c4ed in _start (/home/fzz/Desktop/STFGFuzz/Programs/md5sum/code_Bin/md5sum+0x41c4ed)\n\nAddressSanitizer can not provide additional info.\nSUMMARY: AddressSanitizer: SEGV /home/fzz/Desktop/STFGFuzz/LLVM/llvm/projects/compiler-rt/lib/asan/../sanitizer_common/sanitizer_common_interceptors.inc:444:8 in __interceptor_strcmp.part.0\n==212341==ABORTING\n',,,
20220526011212707425_st1.seed,2022-05-25_16:00:38,0:9:11:34,b'5788be1014ef2f7fbcfa95802afc9002 .tal\x00\x00\x00\x00\x00\x00\x00a7e7dd15fbc8602c16d52981f037362f  /b\x00\x00\x00\x00\x00\x00\x00\x00\x00\x00\x006045834024c3ced15a5307b30482daf0  /bi\x00\x00\x00\x00\x00\x00\x00\x00\x00\x00a7e7dd15fbc8602c16d52981f037362f  \x00\x00\x00\x00\x00\x00\x00\x00\x00\x00\x00',b'D124816Z\nFc0x4f973b0x4f9abc0x5077a5Z\n.tal: FAILED open or read\nSuccessfully triggered bug 563comma crashing now!\nSuccessfully triggered bug 563comma crashing now!\n',b'./Programs/md5sum/code_Bin/md5sum: .tal: No such file or directory\n./Programs/md5sum/code_Bin/md5sum: WARNING: 1 listed file could not be read\nAddressSanitizer:DEADLYSIGNAL\n=================================================================\n==1029125==ERROR: AddressSanitizer: SEGV on unknown address (pc 0x7ffff7c9b356 bp 0x805b6a1a6d70 sp 0x7fffffffdac0 T0)\n==1029125==The signal is caused by a READ memory access.\n==1029125==Hint: this fault was caused by a dereference of a high value address (see register values below).  Disassemble the provided pc to learn which register was used.\n    #0 0x7ffff7c9b356 in fflush /build/glibc-SzIz7B/glibc-2.31/libio/iofflush.c:39:7\n    #1 0x4bebc5 in __interceptor_fflush /home/fzz/Desktop/STFGFuzz/LLVM/llvm/projects/compiler-rt/lib/asan/../sanitizer_common/sanitizer_common_interceptors.inc:6212:25\n    #2 0x4bebc5 in fflush /home/fzz/Desktop/STFGFuzz/LLVM/llvm/projects/compiler-rt/lib/asan/../sanitizer_common/sanitizer_common_interceptors.inc:6207:1\n    #3 0x507a1a in rpl_fflush /root/datav5/lava_corpus/LAVA-M/md5sum/coreutils-8.24-lava-safe/lib/fflush.c:150:12\n    #4 0x507262 in rpl_fclose /root/datav5/lava_corpus/LAVA-M/md5sum/coreutils-8.24-lava-safe/lib/fclose.c:72:10\n    #5 0x50819f in close_stream /root/datav5/lava_corpus/LAVA-M/md5sum/coreutils-8.24-lava-safe/lib/close-stream.c:61:29\n    #6 0x4ff6e1 in close_stdout /root/datav5/lava_corpus/LAVA-M/md5sum/coreutils-8.24-lava-safe/lib/closeout.c:109:7\n    #7 0x7ffff7c5f8a6 in __run_exit_handlers /build/glibc-SzIz7B/glibc-2.31/stdlib/exit.c:108:8\n    #8 0x7ffff7c5fa5f in exit /build/glibc-SzIz7B/glibc-2.31/stdlib/exit.c:139:3\n    #9 0x7ffff7c3d089 in __libc_start_main /build/glibc-SzIz7B/glibc-2.31/csu/../csu/libc-start.c:342:3\n    #10 0x41c4ed in _start (/home/fzz/Desktop/STFGFuzz/Programs/md5sum/code_Bin/md5sum+0x41c4ed)\n\nAddressSanitizer can not provide additional info.\nSUMMARY: AddressSanitizer: SEGV /build/glibc-SzIz7B/glibc-2.31/libio/iofflush.c:39:7 in fflush\n==1029125==ABORTING\n',,,
20220526011336834864_st1.seed,2022-05-25_16:00:38,0:9:12:58,b'5788be1014ef2f7fbcfa95802afc9002 >tal\x00\x00\x00\x00\x00\x00\x00a7e7dd15fbc8602c16d52981f037362f  /b\x00\x00\x00\x00\x00\x00\x00\x00\x00\x00\x006045834024c3ced15a5307b30482daf0  /bi\x00\x00\x00\x00\x00\x00\x00\x00\x00\x00a7e7dd15fbc8602c16d52981f037362f  \x00\x00\x00\x00\x00\x00\x00\x00\x00\x00\x00',b'D124816Z\nFg0x4f98010x507e1c0x4ff6e2Z\n>tal: FAILED open or read\nSuccessfully triggered bug 547comma crashing now!\nSuccessfully triggered bug 547comma crashing now!\n',b'./Programs/md5sum/code_Bin/md5sum: >tal: No such file or directory\n./Programs/md5sum/code_Bin/md5sum: WARNING: 1 listed file could not be read\nAddressSanitizer:DEADLYSIGNAL\n=================================================================\n==1037825==ERROR: AddressSanitizer: SEGV on unknown address (pc 0x7ffff7ca5e04 bp 0x7fffffffdbb0 sp 0x7fffffffdb78 T0)\n==1037825==The signal is caused by a READ memory access.\n==1037825==Hint: this fault was caused by a dereference of a high value address (see register values below).  Disassemble the provided pc to learn which register was used.\n    #0 0x7ffff7ca5e04 in __fpending /build/glibc-SzIz7B/glibc-2.31/libio/__fpending.c:23:6\n    #1 0x50815e in close_stream /root/datav5/lava_corpus/LAVA-M/md5sum/coreutils-8.24-lava-safe/lib/close-stream.c:59:30\n    #2 0x4ff6e1 in close_stdout /root/datav5/lava_corpus/LAVA-M/md5sum/coreutils-8.24-lava-safe/lib/closeout.c:109:7\n    #3 0x7ffff7c5f8a6 in __run_exit_handlers /build/glibc-SzIz7B/glibc-2.31/stdlib/exit.c:108:8\n    #4 0x7ffff7c5fa5f in exit /build/glibc-SzIz7B/glibc-2.31/stdlib/exit.c:139:3\n    #5 0x7ffff7c3d089 in __libc_start_main /build/glibc-SzIz7B/glibc-2.31/csu/../csu/libc-start.c:342:3\n    #6 0x41c4ed in _start (/home/fzz/Desktop/STFGFuzz/Programs/md5sum/code_Bin/md5sum+0x41c4ed)\n\nAddressSanitizer can not provide additional info.\nSUMMARY: AddressSanitizer: SEGV /build/glibc-SzIz7B/glibc-2.31/libio/__fpending.c:23:6 in __fpending\n==1037825==ABORTING\n',,,
